case_dt,retail_and_recreation_percent_change_from_baseline,grocery_and_pharmacy_percent_change_from_baseline,parks_percent_change_from_baselin,transit_stations_percent_change_from_baseline,Workplaces_percent_change_from_baseline,Residential_percent_change_from_baseline,Report_dt
2020/02/15,6.4383116,2.3790421,16.656366,4.305752,0.44095594,-0.5507726,136
2020/02/16,7.986545,2.5105286,17.794573,3.7502635,0.48375812,-0.6622114,63
2020/02/17,3.8659241,-0.3452728,27.884323,1.8092933,-17.582155,4.3639455,116
2020/02/18,-0.19312602,-1.2695361,5.355491,2.2435284,-0.0054904833,0.794598,132
2020/02/19,2.079837,0.5790795,7.988456,2.4743347,0.8844607,0.17734909,126
2020/02/20,0.17914654,-0.1536232,-1.2513587,1.9449716,-0.33820307,1.1409608,186
2020/02/21,2.5820189,-1.5315641,6.473965,3.4838412,0.5003734,0.73315895,149
2020/02/22,8.164094,3.5135467,35.312252,6.435923,3.061292,-1.1021739,135
2020/02/23,8.602704,3.98232,32.05476,6.7689033,2.4964788,-0.81763285,162
2020/02/24,1.6414704,0.11838266,7.1897287,0.9054054,2.8288987,0.38846642,283
2020/02/25,4.5433717,0.7748012,8.074405,2.2634099,1.1790553,0.17399497,226
2020/02/26,10.858083,3.8829207,4.8804035,4.705939,1.5668254,-0.47198007,286
2020/02/27,10.156224,3.5636742,10.209701,5.8293614,0.59721714,-0.10631645,276
2020/02/28,10.834986,5.35607,11.9720745,7.537815,2.2427185,-1.0451905,430
2020/02/29,14.697267,8.230611,22.886076,9.908537,2.9537735,-1.9750272,314
2020/03/01,19.60967,11.761384,30.420547,12.181622,3.5274558,-1.6366906,1184
2020/03/02,10.576843,5.771393,12.113235,3.2378168,3.5757127,-0.5214376,821
2020/03/03,16.065063,11.135976,21.627907,4.630456,1.7302053,-0.807094,903
2020/03/04,11.610561,6.9468355,19.575075,5.01537,2.0193996,-0.61001235,980
2020/03/05,11.003258,7.597234,20.21534,6.2647057,1.8702822,-0.6176837,1055
2020/03/06,8.097145,4.1408906,16.350756,7.5642457,2.1062639,-0.5177994,1357
2020/03/07,13.929474,9.698386,38.410885,12.505176,3.3961284,-1.6028138,1419
2020/03/08,16.803337,10.812909,58.136967,14.229008,2.2180905,-1.2313253,1706
2020/03/09,8.814676,7.099578,38.38924,5.2165356,0.90402365,-0.012722646,2917
2020/03/10,9.910331,8.236696,28.084639,4.7760468,-0.41404536,0.18644068,3689
2020/03/11,11.376442,11.504045,34.509464,5.7051406,-0.3456339,-0.33000624,4102
2020/03/12,11.360863,23.07557,28.919128,5.119732,-1.554947,0.15307403,5166
2020/03/13,6.2457595,26.360432,14.334728,2.2516248,-3.4346697,1.7049505,7122
2020/03/14,0.15530455,19.71309,13.988875,1.0946627,-0.375,2.4872081,7043
2020/03/15,-0.08081245,17.79823,17.858793,0.40531915,-4.7915635,2.9912827,9591
2020/03/16,-0.67644626,25.589077,8.137427,-4.9470134,-12.331506,5.6994643,13978
2020/03/17,-11.953621,17.798792,18.02795,-7.214149,-18.309576,8.552703,14760
2020/03/18,-17.798626,13.461538,19.573847,-9.396601,-21.907461,10.265474,16672
2020/03/19,-22.664532,11.757743,9.753364,-14.288372,-24.38594,12.105189,16482
2020/03/20,-27.62045,9.574172,10.1079235,-17.891088,-25.933914,14.08284,20020
2020/03/21,-33.57495,5.1154323,12.144291,-18.24635,-18.551804,10.389578,15222
2020/03/22,-36.76118,-6.414029,5.188045,-25.320162,-26.301994,9.742857,14981
2020/03/23,-31.181341,-2.9349558,-15.883818,-25.141798,-29.924046,14.656595,22542
2020/03/24,-34.608364,-8.236676,0.66472304,-23.697111,-34.01071,16.41907,21574
2020/03/25,-33.45268,-8.295521,3.4281344,-24.77686,-35.447895,16.639198,23580
2020/03/26,-33.908005,-8.388357,15.825545,-26.472776,-36.195503,17.0546,23623
2020/03/27,-36.51142,-10.306147,8.907586,-30.681938,-35.899384,18.62451,25272
2020/03/28,-40.7888,-12.296221,-11.966265,-33.328243,-27.14202,13.384515,20394
2020/03/29,-38.056877,-15.091603,-3.2753246,-35.16501,-31.969769,11.466468,19245
2020/03/30,-33.74127,-11.897967,-4.757709,-30.565777,-36.225494,16.374336,29892
2020/03/31,-34.826244,-11.101716,-6.3968253,-28.169117,-38.76797,17.896578,26147
2020/04/01,-29.987123,-3.1444867,5.344262,-26.800182,-39.043465,17.250565,31389
2020/04/02,-34.26765,-4.886942,2.2827687,-29.955975,-39.653873,18.347393,27232
2020/04/03,-36.444748,-4.281338,-9.118421,-34.051983,-39.38212,20.061996,28445
2020/04/04,-42.962578,-7.98366,-9.350962,-36.289375,-30.154676,14.052631,22790
2020/04/05,-41.18528,-12.18356,4.1627297,-39.474827,-34.26851,11.796969,21400
2020/04/06,-37.76266,-13.204849,8.364318,-32.628098,-38.981377,17.091892,32465
2020/04/07,-37.614574,-11.422111,15.0,-29.229147,-41.013493,17.880276,30703
2020/04/08,-37.27848,-10.706129,11.388199,-29.599634,-41.481876,17.81569,29734
2020/04/09,-37.77319,-9.107054,-6.713068,-32.52061,-42.0522,19.03876,26671
2020/04/10,-38.69441,-8.630898,-4.7093334,-37.351543,-47.46901,21.83233,28386
2020/04/11,-40.85382,-3.8781478,1.6791044,-37.68057,-31.45809,13.2651415,21313
2020/04/12,-62.022125,-39.95387,-22.440325,-46.02353,-40.764626,12.488959,19175
2020/04/13,-39.225685,-18.01373,-21.967524,-35.610046,-40.483017,18.423622,27019
2020/04/14,-34.799263,-12.523408,-0.9260355,-29.899359,-39.260235,17.973385,27808
2020/04/15,-26.461197,-6.4510107,-2.8005738,-28.08022,-38.963715,17.355957,29604
2020/04/16,-30.266191,-7.754962,-0.7186147,-30.401625,-38.911682,18.063879,26468
2020/04/17,-35.007065,-12.541579,-6.0316205,-33.13935,-38.224106,19.604317,27908
2020/04/18,-36.28778,-10.239082,-3.5804815,-32.12221,-26.786552,12.556863,20357
2020/04/19,-36.20106,-15.815876,7.891678,-36.26284,-31.549622,10.640648,19429
2020/04/20,-29.430504,-11.39184,8.331344,-29.94275,-36.735485,16.106382,32267
2020/04/21,-29.414074,-9.085271,6.4671755,-27.092093,-38.060986,16.861654,27662
2020/04/22,-29.921324,-8.738188,3.526395,-26.725115,-38.433807,17.022522,28498
2020/04/23,-32.612217,-9.902439,-4.4937415,-29.091986,-38.722935,18.236723,27910
2020/04/24,-32.301353,-10.0668545,1.8008356,-30.080175,-37.47456,18.543512,28494
2020/04/25,-32.90125,-6.9314966,18.922651,-27.582016,-25.842701,11.154839,23083
2020/04/26,-31.938215,-10.98595,4.608637,-31.217258,-30.369246,9.894891,19549
2020/04/27,-24.822374,-7.2983,8.444445,-26.340168,-34.830338,15.345864,35141
2020/04/28,-24.320179,-4.8588142,21.479675,-23.189444,-36.750534,9.776635,31039
2020/04/29,-23.955555,-4.2918625,8.292538,-23.476103,-36.974724,16.093145,30215
2020/04/30,-23.963415,-2.9262106,3.2836258,-23.897318,-36.75098,16.440779,28025
2020/05/01,-21.842447,0.13108882,23.866468,-21.904331,-35.19168,15.696594,30571
2020/05/02,-23.683931,2.2721035,44.20853,-18.33741,-22.669859,8.534913,19141
2020/05/03,-21.712086,-1.759966,43.532307,-22.660397,-25.602001,7.420904,17020
2020/05/04,-18.056402,-1.1565421,20.070093,-21.863636,-32.465107,13.289513,27661
2020/05/05,-17.761797,2.707317,19.612698,-19.998102,-33.89393,14.343864,27064
2020/05/06,-18.954546,1.0826771,22.889246,-19.365921,-33.856274,14.248357,27193
2020/05/07,-19.157667,2.7381876,39.53367,-18.8971,-33.761,14.161668,26649
2020/05/08,-23.327688,0.13174947,12.115007,-21.775158,-33.369392,15.907421,24765
2020/05/09,-19.65104,12.97702,24.477777,-17.886364,-20.062471,8.198766,18306
2020/05/10,-18.72467,7.7815995,30.855263,-20.979507,-22.034632,5.7185793,15419
2020/05/11,-21.028986,-4.5600624,9.878462,-20.75332,-30.843908,13.312363,28401
2020/05/12,-18.529633,-0.35135135,25.346802,-18.358562,-31.692034,13.5292,27314
2020/05/13,-16.38088,0.8823994,36.076412,-17.443298,-31.716894,13.261495,27861
2020/05/14,-16.853891,1.596732,32.28125,-18.470974,-31.989252,13.037356,25108
2020/05/15,-18.562918,-0.21940668,39.041336,-19.210958,-31.465893,13.802264,26004
2020/05/16,-17.838268,3.6348073,48.86749,-15.811,-17.739826,7.129383,18355
2020/05/17,-16.244104,-1.2161084,36.418262,-19.332989,-20.351896,6.705563,15721
2020/05/18,-13.674404,-0.87172776,14.73479,-19.277086,-28.653416,12.157206,28454
2020/05/19,-12.218711,2.493464,28.978582,-16.507605,-29.858217,12.484588,25842
2020/05/20,-10.513864,4.265831,35.94608,-13.770755,-30.278355,12.067568,27830
2020/05/21,-10.092704,6.4908257,45.040405,-12.005714,-30.643394,11.907593,26184
2020/05/22,-12.413542,6.004364,47.450245,-10.283177,-31.30359,12.209302,24316
2020/05/23,-13.525531,8.880522,60.478405,-9.831959,-16.527956,5.640288,15186
2020/05/24,-8.106452,7.612642,79.25659,-15.730408,-20.434343,3.9959838,14116
2020/05/25,-15.657911,-1.0194715,70.97298,-25.0689,-66.83417,18.836517,17937
2020/05/26,-9.62236,4.2849674,43.687717,-15.291467,-28.712955,10.948936,35841
2020/05/27,-8.643995,4.085414,49.412373,-12.605714,-28.266117,11.100563,28639
2020/05/28,-8.876868,5.114658,40.086296,-12.216936,-27.90061,11.409894,23543
2020/05/29,-12.087102,2.263777,47.52855,-11.385047,-26.701601,11.453217,23485
2020/05/30,-11.194619,6.363897,63.416668,-5.860681,-7.325419,4.7750864,15977
2020/05/31,-6.3163333,4.870266,78.0208,-6.8442535,-11.0388975,3.9102564,13307
2020/06/01,-3.0491183,6.8584595,48.731533,-10.023346,-25.226564,8.884643,26445
2020/06/02,-3.9052632,7.624836,57.227688,-10.0146055,-26.594051,9.566736,25478
2020/06/03,-1.7608159,10.134171,54.311596,-9.108883,-26.827896,9.368824,24089
2020/06/04,-4.3800716,9.045276,58.127434,-8.933207,-26.936087,9.593838,31745
2020/06/05,-8.296648,5.8821697,53.71924,-9.44896,-26.895159,9.711988,26095
2020/06/06,-8.207114,8.92147,65.927734,-5.3887734,-9.019954,3.8643677,16658
2020/06/07,-4.145631,6.089733,71.06496,-6.37365,-12.518627,3.274936,13948
2020/06/08,-4.3768024,4.567674,51.36477,-10.14439,-25.35513,8.60636,26300
2020/06/09,-4.720916,5.4406557,50.231598,-10.059223,-26.3947,9.503511,27873
2020/06/10,-2.325353,6.7306175,58.0,-8.037356,-26.247042,9.055594,61771
2020/06/11,-2.3492253,8.092156,63.409595,-6.6001916,-26.397703,8.742658,24037
2020/06/12,-5.6609225,6.2164693,72.39526,-4.666352,-26.489462,8.282498,32877
2020/06/13,-5.124714,9.471397,87.80692,0.056806,-6.577406,2.6289954,21053
2020/06/14,-0.76653695,6.751618,95.621185,-0.44334432,-10.203649,2.1707006,19791
2020/06/15,-1.5297805,5.550066,60.15514,-6.3562317,-25.101013,7.9562454,37278
2020/06/16,-0.8759259,7.6850033,70.53422,-7.0147347,-25.991756,8.500701,35758
2020/06/17,0.03862661,8.269307,75.1534,-5.356322,-26.379929,8.058333,37158
2020/06/18,-0.5801663,8.559189,76.21947,-4.2127047,-26.811625,7.9937105,36242
2020/06/19,-4.115684,7.543233,77.43382,-3.1412103,-27.429298,7.592134,37912
2020/06/20,-3.4982858,13.994894,84.67204,1.5095744,-7.4162035,2.0510783,44038
2020/06/21,-1.8260026,10.598368,88.13158,-0.8569869,-9.535732,0.8030113,46073
2020/06/22,-3.4830616,2.6474063,56.935425,-5.3932805,-27.44661,8.285104,49853
2020/06/23,-1.2120838,6.2247705,70.204636,-5.5268817,-27.892345,8.592383,48648
2020/06/24,0.05143907,6.90753,74.10959,-4.267892,-26.725153,7.933287,50661
2020/06/25,-0.54928744,7.9875493,78.22222,-2.5285025,-27.016865,7.9392033,46435
2020/06/26,-5.703889,4.4716864,73.981514,-1.9376798,-27.29038,8.180626,49656
2020/06/27,-6.350228,6.420749,77.75949,3.2564654,-8.449977,2.8339062,38517
2020/06/28,-2.1376207,3.9824562,79.30298,2.35177,-9.149976,2.3492463,42708
2020/06/29,-0.36067626,4.7409363,61.15056,-4.7168317,-26.846626,8.027818,62116
2020/06/30,2.576376,7.9265094,64.151054,-4.248269,-27.871199,8.364912,55126
2020/07/01,7.486737,13.25845,69.70577,-0.4735294,-28.568459,7.527642,64498
2020/07/02,12.504843,21.368036,86.89135,3.8286853,-31.756166,7.0148935,57151
2020/07/03,4.8786683,21.959183,92.90872,-5.017391,-51.299072,12.341379,47958
2020/07/04,-23.054024,6.29854,85.20622,-15.17912,-25.582808,3.28799,38185
2020/07/05,-5.9157014,-0.7754777,76.77931,0.792873,-16.146816,1.8978008,44362
2020/07/06,1.5916197,6.7285905,59.804184,-2.606855,-31.321339,8.502545,69793
2020/07/07,-0.23020259,7.049116,64.50867,-5.0973454,-29.933523,8.7705965,64696
2020/07/08,0.41953316,7.147195,67.31579,-5.038722,-28.622763,8.346423,69616
2020/07/09,-0.81060153,7.577778,71.932205,-4.530259,-28.852024,8.459803,64575
2020/07/10,-6.239578,3.6328564,59.093067,-5.083413,-28.586357,8.901688,65584
2020/07/11,-6.555619,6.88705,77.02527,0.56808513,-8.29814,3.0274286,54257
2020/07/12,-2.2222223,4.515127,87.70182,0.5287611,-11.650809,2.3880408,45216
2020/07/13,-1.1553338,4.829605,65.984406,-6.36166,-27.644894,7.6847363,77859
2020/07/14,-0.72530866,6.1969795,75.93056,-6.9628906,-28.806936,8.271187,67299
2020/07/15,0.42813268,7.353602,72.125725,-6.214149,-28.04234,8.004902,68609
2020/07/16,-1.5757576,7.348822,75.12766,-5.0816326,-28.483686,8.288231,60188
2020/07/17,-6.097114,4.4645524,68.871086,-4.4639077,-28.584482,8.544518,58254
2020/07/18,-6.9372525,6.5165944,83.21429,0.6684607,-9.503704,2.748565,56289
2020/07/19,-3.065595,4.056225,83.57904,-0.7350333,-12.763929,2.415167,48607
2020/07/20,-2.7402112,3.808273,61.4375,-6.6795635,-28.249008,7.960686,70180
2020/07/21,-2.5709896,4.431937,67.20038,-7.7592955,-29.168692,8.63005,60310
2020/07/22,-1.6607579,4.9743924,61.234962,-6.500963,-27.916817,8.371148,60836
2020/07/23,-2.5913405,5.588736,65.14421,-5.6917872,-28.110632,8.31642,57153
2020/07/24,-6.6712937,3.1941323,65.849365,-5.134357,-28.235102,8.389011,55980
2020/07/25,-7.411432,5.254663,82.67173,0.3351235,-9.629458,2.5637197,42862
2020/07/26,-3.198204,3.0807354,85.75368,-0.72657114,-12.524486,2.0976863,36397
2020/07/27,-2.9783146,2.7282894,57.814743,-7.3907933,-28.32229,8.02439,62028
2020/07/28,-2.6822085,3.7946546,64.754906,-8.375366,-28.435934,8.413598,57186
2020/07/29,-1.606947,4.138249,68.63671,-6.925532,-28.6005,8.008415,57931
2020/07/30,-2.218085,4.518009,65.75564,-6.041506,-28.983513,8.178673,54655
2020/07/31,-3.344098,5.247198,68.12316,-3.8806546,-28.500727,7.6652017,54774
2020/08/01,-4.6727376,7.4790463,81.281815,1.5675966,-9.85252,2.384,40572
2020/08/02,-1.3206697,4.6556716,76.13523,0.3378076,-12.424583,2.3286624,33110
2020/08/03,1.5081148,7.1087675,56.3371,-6.1331363,-27.71315,7.377049,51253
2020/08/04,-1.1576355,4.7876396,59.965584,-8.27193,-29.300787,8.289958,63249
2020/08/05,0.5737805,6.2108393,75.60243,-5.572683,-28.091722,7.052192,52818
2020/08/06,-1.2002369,5.396867,69.875,-4.4490786,-28.35197,7.2577033,50243
2020/08/07,-4.757103,2.5068493,69.09793,-4.4074783,-27.919607,7.3192725,48528
2020/08/08,-4.463206,6.0317,88.333336,1.4524838,-9.142725,1.8555176,47852
2020/08/09,-0.56435007,4.286284,85.45735,2.3381374,-11.67402,1.578344,41550
2020/08/10,-1.8625859,1.9308755,55.81818,-6.9561753,-27.711191,6.925214,57769
2020/08/11,-1.1065271,4.039293,70.123505,-7.3349705,-28.483871,7.195208,51485
2020/08/12,-0.75766873,4.0336413,61.800396,-6.4474444,-27.947292,7.159218,48661
2020/08/13,-2.1489613,4.2201834,59.303604,-5.777027,-28.09153,7.323736,48237
2020/08/14,-5.3129177,1.6411692,65.5914,-5.3409524,-27.591124,7.3041577,61275
2020/08/15,-5.2648892,4.5046797,70.93885,-0.3187166,-10.235539,2.251435,39435
2020/08/16,-1.454604,2.8784971,64.959854,0.05888889,-12.3081455,1.8409669,30882
2020/08/17,-10.156398,-4.680147,21.190475,-29.74494,-32.557602,6.5886526,51645
2020/08/18,-10.046729,-3.385475,27.254238,-30.308943,-31.44787,7.0111265,45050
2020/08/19,-9.452713,-3.6236162,20.919355,-29.894737,-31.68919,6.7647867,54659
2020/08/20,-9.923424,-3.0054746,23.763779,-28.619432,-31.833635,6.6504855,54620
2020/08/21,-12.844156,-3.800659,21.302158,-27.716536,-31.59756,6.927181,55793
2020/08/22,-14.807843,-2.159864,32.00685,-22.796297,-12.362976,2.022831,36715
2020/08/23,-11.998464,-4.268293,30.657343,-25.934673,-14.360416,1.7715737,27465
2020/08/24,-12.415625,-6.009141,14.653543,-31.189516,-31.407785,6.8771186,51412
2020/08/25,-11.7278385,-4.0831795,17.171875,-31.314285,-31.779585,7.192228,48227
2020/08/26,-10.732307,-3.8150184,22.801588,-29.931452,-30.794065,6.7468967,47474
2020/08/27,-13.225664,-5.5521584,19.217054,-30.285141,-31.882883,7.157123,45985
2020/08/28,-14.322496,-6.246732,15.847826,-28.614174,-30.55293,7.0093527,40101
2020/08/29,-15.309493,-3.9224284,27.503267,-25.21198,-12.852727,2.6283083,29377
2020/08/30,-10.962963,-4.782364,35.335663,-25.345179,-13.83682,1.4002541,25599
2020/08/31,-11.398425,-6.023766,12.587787,-30.116936,-30.295984,6.3724527,44529
2020/09/01,-8.469194,-1.306542,19.24,-29.236734,-30.680908,6.279198,41127
2020/09/02,-9.226153,-3.0952382,17.937984,-29.760162,-30.340847,6.230611,39837
2020/09/03,-7.5316267,0.3562152,21.82677,-26.0,-30.572464,5.39244,37431
2020/09/04,-9.322793,0.13689482,28.962406,-23.532,-32.200565,5.2548738,37426
2020/09/05,-13.130092,0.35034013,45.55862,-21.404652,-16.47237,0.94509345,29039
2020/09/06,-8.868955,-2.1567879,54.281483,-27.597015,-17.225206,0.2735484,24436
2020/09/07,-12.27673,-6.3430657,45.890907,-39.700787,-69.157,15.277952,28660
2020/09/08,-12.478873,-3.7509294,8.19697,-30.253061,-32.342678,6.237864,42016
2020/09/09,-12.410687,-5.030909,6.1925926,-30.771084,-30.269127,5.75171,44733
2020/09/10,-13.205015,-5.103074,9.132353,-30.2749,-30.500908,5.2510314,39234
2020/09/11,-7.3203773,-2.5738213,55.50643,-7.796034,-23.478086,4.628998,36566
2020/09/12,-5.503955,1.4699222,77.16483,-1.9518828,-8.782146,1.3646659,33351
2020/09/13,-4.8861003,0.13249211,65.13452,-2.7128928,-11.997562,1.673913,35556
2020/09/14,-4.2776747,-0.32789028,50.395905,-9.302619,-21.076727,4.7706614,48856
2020/09/15,-2.6593807,1.4048398,55.289803,-9.865628,-22.20065,5.524983,47241
2020/09/16,-4.274272,-1.8370565,54.563477,-9.983732,-23.292807,5.411444,53040
2020/09/17,-5.0752497,-1.4249347,47.677418,-8.968541,-23.152018,5.884138,47022
2020/09/18,-5.033964,-1.7394278,54.28939,-6.9238005,-21.483541,5.2491155,41371
2020/09/19,-2.3251848,3.2548044,84.311584,-0.62776023,-8.364984,1.0125284,32439
2020/09/20,-1.4249839,0.96822876,75.30492,-1.429501,-10.815324,1.3722999,37338
2020/09/21,-4.4548826,-1.3514043,46.168083,-9.65098,-22.168543,5.693537,50923
2020/09/22,-5.0309653,-0.9100391,46.027924,-11.677043,-22.177698,6.268041,54630
2020/09/23,-5.2369695,-1.0517015,45.387314,-11.181125,-21.115232,5.7360883,49964
2020/09/24,-6.046307,-1.2099087,39.554276,-9.71673,-21.244677,6.020567,47229
2020/09/25,-6.7633038,-2.1465838,42.501534,-8.5896225,-20.398903,5.557889,47921
2020/09/26,-4.3472853,2.3113475,73.20283,-3.457113,-6.754402,1.151321,34324
2020/09/27,-3.6814103,-0.25236592,58.808643,-2.6703057,-10.167403,1.5617284,31181
2020/09/28,-6.9864116,-2.2053454,29.218094,-11.163245,-19.917244,6.12128,56954
2020/09/29,-6.6090636,-1.0992815,28.254126,-12.051407,-20.664743,6.086111,47332
2020/09/30,-3.7277677,0.72262293,37.42857,-9.487548,-21.527718,4.997807,58928
2020/10/01,-1.4338062,4.355512,40.245068,-7.120459,-20.2215,4.0679183,54386
2020/10/02,-3.6625767,2.108225,37.651375,-5.756398,-19.850239,4.06395,47941
2020/10/03,-2.2324786,4.9631205,68.20308,-0.8853838,-8.959797,0.53907496,40698
2020/10/04,-2.1238768,1.8153725,53.323307,-1.501087,-12.0624695,1.1668137,34180
2020/10/05,-4.706173,0.9516656,34.113823,-8.874755,-21.285402,4.400111,57499
2020/10/06,-4.8304057,1.4653594,45.735394,-9.8450985,-21.837896,4.509131,57377
2020/10/07,-5.1517534,0.7174624,44.392857,-9.232536,-21.01764,4.762349,54019
2020/10/08,-5.483265,0.98893946,47.66722,-6.907619,-21.022358,5.164914,53560
2020/10/09,-7.51638,-1.7039106,48.185646,-6.504257,-21.790417,5.4920273,55625
2020/10/10,-6.55436,0.76375175,60.266262,-3.74375,-8.766173,1.7485944,45561
2020/10/11,-5.275399,-1.2362205,40.660767,-2.6897297,-11.31021,2.0123675,40355
2020/10/12,-7.3018403,-2.632613,25.15016,-8.957885,-26.788218,7.25732,69438
2020/10/13,-7.1649547,-0.7335505,35.084297,-10.630964,-21.280823,5.978321,64856
2020/10/14,-4.878916,0.52956635,44.318863,-8.404785,-20.527529,5.655629,64297
2020/10/15,-5.366784,1.1465799,38.69206,-7.3406487,-21.200865,5.945616,67530
2020/10/16,-7.6481996,-2.031404,24.720177,-7.389895,-21.203732,6.2944193,74420
2020/10/17,-5.3566155,1.7150917,61.370483,-1.8460733,-8.7092,1.6540627,49638
2020/10/18,-6.4192114,-1.8707644,38.346878,-1.4309032,-11.831548,2.2631578,52452
2020/10/19,-9.500308,-3.244938,18.830217,-10.67154,-20.21395,6.2486033,77560
2020/10/20,-9.020606,-2.1791532,26.020733,-11.82575,-20.512089,6.555,75665
2020/10/21,-6.6320243,-1.0124102,30.674194,-10.145315,-19.745317,6.0005507,84451
2020/10/22,-7.3603287,-1.4152542,33.853897,-9.267806,-20.149603,5.9684386,79807
2020/10/23,-8.782513,-3.4826303,25.29056,-8.811676,-20.082573,6.369652,90440
2020/10/24,-8.244068,-0.18573447,46.231533,-6.028896,-8.252783,2.2738287,62580
2020/10/25,-9.806574,-3.7588098,17.709986,-7.3201284,-12.538125,2.9011576,60477
2020/10/26,-11.160835,-4.1671,2.538231,-13.514535,-20.185911,6.886083,101686
2020/10/27,-9.978248,-2.538562,14.360249,-13.070328,-21.42672,7.060488,99178
2020/10/28,-8.756919,-2.497717,10.345979,-13.316935,-20.732973,6.933186,114929
2020/10/29,-8.591335,-2.9283388,2.7408493,-12.816981,-21.725405,7.036687,91503
2020/10/30,-6.117909,-0.08950617,14.375533,-11.013158,-20.227423,5.590471,93352
2020/10/31,-6.8731513,6.1521125,47.214184,-8.697626,-7.7605762,1.2991179,81987
2020/11/01,-9.563924,-4.3552427,8.229222,-11.495763,-12.507076,3.009839,84061
2020/11/02,-9.083693,-2.86671,5.7013373,-14.485436,-19.875092,6.311485,128151
2020/11/03,-0.17142858,3.8999345,28.63889,-13.529014,-22.87536,6.0641236,128150
2020/11/04,-10.184131,-4.241694,19.186335,-14.57346,-20.28587,6.9801106,132653
2020/11/05,-9.637163,-2.576723,20.45216,-13.948259,-20.004335,6.692009,133980
2020/11/06,-10.574586,-5.6734567,23.920057,-13.871842,-19.710997,6.966933,134281
2020/11/07,-8.481586,-1.9425368,44.21,-10.823109,-6.6810384,2.961228,108323
2020/11/08,-7.821293,-3.7472527,37.83285,-11.148778,-11.252688,2.8768957,109191
2020/11/09,-10.6422415,-4.1181464,12.536586,-15.906731,-20.229538,6.996072,171314
2020/11/10,-9.995752,-2.6075866,10.016897,-15.452794,-21.491184,7.44098,160755
2020/11/11,-8.335966,-3.5816393,0.37075332,-16.573986,-29.075304,9.6441345,153649
2020/11/12,-12.861421,-4.227832,-4.1635313,-16.157747,-21.983068,8.352843,154363
2020/11/13,-12.760641,-4.580209,0.15258856,-16.049257,-20.921139,8.224642,158561
2020/11/14,-11.644708,-2.8858542,13.445893,-14.694332,-8.458121,4.2168574,115220
2020/11/15,-12.865908,-5.495305,0.7090909,-14.962026,-13.148812,4.2345014,117475
2020/11/16,-12.211597,-3.8675325,-1.0262774,-16.428022,-21.014513,7.3414083,177425
2020/11/17,-12.377967,-2.620286,-1.7130177,-16.65706,-22.222462,8.069755,208472
2020/11/18,-11.625075,-1.8626302,-2.5409358,-15.50378,-22.371315,8.0774765,172477
2020/11/19,-12.686217,-1.4925373,3.0859258,-14.81132,-22.279137,8.114572,167786
2020/11/20,-13.923331,-3.7872603,9.070735,-12.718284,-21.418943,8.353043,171099
2020/11/21,-14.511891,-1.037167,18.022078,-6.7633195,-7.9167824,4.4424343,129637
2020/11/22,-14.085551,-3.4378421,-1.1360719,-12.368254,-11.762091,4.501353,113234
2020/11/23,-8.8728285,2.3575637,-3.4831624,-15.207164,-25.638136,8.279661,197509
2020/11/24,-4.8102818,10.085301,-0.44674557,-11.694095,-27.730715,8.427217,199250
2020/11/25,7.098696,32.697132,1.6026012,-9.17341,-34.566715,8.455457,175665
2020/11/26,-75.018394,-31.843122,-5.745763,-44.394222,-78.81521,22.095377,93487
2020/11/27,-18.784292,-14.745679,14.950425,-34.047318,-56.09404,17.242012,162230
2020/11/28,-19.214045,-10.9,13.954839,-15.089521,-16.840237,6.3001657,150621
2020/11/29,-16.08144,-10.13587,0.6122449,-4.14037,-15.074916,4.913669,132571
2020/11/30,-13.61937,-6.2162867,-19.789904,-16.84236,-22.709513,9.083192,232002
2020/12/01,-10.643727,-0.95448637,-9.829757,-15.668269,-23.37262,8.915359,219919
2020/12/02,-11.596224,-2.681462,-5.351156,-16.539623,-22.233728,8.804118,202055
2020/12/03,-10.491135,0.25923526,-4.145115,-16.215963,-21.781418,8.610679,199567
2020/12/04,-14.212154,-5.617178,-5.2969775,-18.831326,-20.363836,9.246701,197421
2020/12/05,-12.8948555,-2.4150944,1.9060569,-16.497477,-6.324224,4.9909983,160615
2020/12/06,-13.139065,-4.974239,-1.7525641,-18.379852,-11.723903,4.637264,135243
2020/12/07,-13.26601,-4.2953806,-12.236769,-19.946411,-21.546215,8.132619,228323
2020/12/08,-12.811172,-3.274026,-7.926087,-18.436903,-21.046043,8.378906,213531
2020/12/09,-11.746973,-2.3626876,-0.6255507,-17.250235,-21.582794,8.305818,207488
2020/12/10,-11.987625,-0.96365994,1.2230321,-17.170732,-21.402021,8.445003,204017
2020/12/11,-14.657458,-4.707617,-4.766443,-18.996296,-20.448755,9.432106,203649
2020/12/12,-13.971268,-1.4873949,0.28553617,-15.788462,-7.1427245,5.3492584,152973
2020/12/13,-15.006293,-4.045066,-3.6969697,-18.191668,-12.712336,5.129295,134943
2020/12/14,-13.134402,-3.0117188,-21.043068,-19.667942,-21.910248,8.989242,235348
2020/12/15,-8.961023,3.3105469,-13.385916,-16.898758,-22.40597,8.612074,218195
2020/12/16,-13.87265,-1.9236791,-21.77551,-18.967167,-23.794466,10.463264,197312
2020/12/17,-14.741308,-3.5550518,-17.861225,-19.340824,-24.731892,10.902755,193605
2020/12/18,-12.421519,-2.0300798,-12.360931,-14.230912,-21.676664,9.624064,197075
2020/12/19,-11.135028,2.8737729,-6.9222355,-4.4059916,-6.810185,4.781967,143174
2020/12/20,-9.009523,0.47734374,-10.194373,-9.68877,-10.277126,4.548155,135693
2020/12/21,0.7150908,8.818774,-0.61416185,-13.533074,-27.206934,8.203054,221510
2020/12/22,5.2440076,16.155207,4.357675,-11.883608,-29.556469,8.315466,279493
2020/12/23,13.717933,32.70553,1.6943232,-11.337143,-34.123226,8.508333,199174
2020/12/24,-10.010119,32.101795,-15.119241,-31.067219,-58.489094,15.714696,155019
2020/12/25,-85.804245,-63.582005,-33.839176,-51.82945,-81.157166,26.579683,108660
2020/12/26,-24.789652,-13.449656,-11.665871,-23.28125,-24.716719,8.55602,169440
2020/12/27,-19.352682,-13.373559,1.2318653,-11.403209,-17.208574,5.944646,146049
2020/12/28,-8.2336855,-3.1923327,-0.1775837,-17.523672,-36.104546,12.024599,263772
2020/12/29,-10.048377,-1.8452536,0.47626114,-19.411142,-37.580555,12.895005,261208
2020/12/30,-4.9155965,4.139125,-4.4347825,-17.94434,-37.02983,12.56795,256935
2020/12/31,1.9152135,25.398283,-6.333801,-26.510658,-44.91218,12.830402,224274
2021/01/01,-43.119217,-33.712425,-18.290482,-46.932728,-70.67217,26.145113,155659
2021/01/02,-19.078962,-9.131417,-5.8780193,-17.750757,-18.335304,8.251046,211965
2021/01/03,-18.643309,-11.627709,-15.496278,-13.725053,-14.620807,6.590744,175107
2021/01/04,-8.209637,-1.4479843,-14.993065,-18.75193,-22.835089,8.947428,307546
2021/01/05,-10.216249,-0.9448052,-11.524894,-18.248077,-22.790781,9.290106,307860
2021/01/06,-13.575869,-5.0689654,-15.750349,-19.540413,-22.193594,9.849972,251080
2021/01/07,-15.904312,-4.9548388,-16.26081,-20.696545,-22.180737,10.400337,239947
2021/01/08,-19.641281,-10.857318,-21.522388,-22.955883,-21.16746,11.275783,238658
2021/01/09,-16.457417,-6.4906445,-11.325882,-19.027191,-8.950994,6.7545457,180196
2021/01/10,-17.05489,-8.574517,-12.067485,-21.322916,-13.777073,6.232579,150570
2021/01/11,-16.722565,-7.6203766,-22.601065,-22.446241,-22.313747,9.818388,238138
2021/01/12,-15.450122,-5.716797,-13.863764,-20.384176,-22.2139,9.570387,227829
2021/01/13,-15.368644,-6.814767,-7.837307,-19.803402,-21.969065,8.936525,208812
2021/01/14,-18.206715,-8.8209915,-9.427978,-20.314365,-22.648201,9.372825,197404
2021/01/15,-21.889256,-12.957317,-17.310946,-22.106913,-24.229395,10.746365,191045
2021/01/16,-20.166105,-10.394211,-7.7647057,-19.869787,-11.438823,6.40545,144605
2021/01/17,-18.272156,-12.116693,-2.6489227,-21.549267,-15.297481,5.4579945,121859
2021/01/18,-15.724985,-10.694517,-1.6770538,-21.669231,-36.542652,12.131232,171153
2021/01/19,-18.767273,-7.9974093,-12.224576,-21.055716,-22.514956,8.949552,179433
2021/01/20,-18.876507,-10.562419,-13.500697,-21.302631,-22.073074,9.383026,171615
2021/01/21,-18.653553,-9.671401,-12.935704,-21.12124,-21.539293,9.337831,171668
2021/01/22,-19.747654,-11.022714,-15.007557,-22.037718,-20.135332,9.865474,160912
2021/01/23,-18.198874,-9.461538,-6.3190475,-20.67573,-9.460083,6.0966144,111890
2021/01/24,-21.952948,-13.199067,-18.403206,-23.34828,-13.840876,5.905797,106566
2021/01/25,-22.003672,-12.9915695,-22.89432,-24.331106,-22.43682,9.697159,150273
2021/01/26,-21.493317,-13.005164,-20.175,-23.51813,-24.037024,10.177628,201238
2021/01/27,-18.805172,-10.398316,-19.194216,-21.515947,-22.314634,9.559037,143211
2021/01/28,-19.06694,-11.078317,-20.012161,-20.994398,-22.383148,9.631253,136364
2021/01/29,-17.545506,-10.71978,-17.030535,-21.00554,-19.789898,9.265247,147623
2021/01/30,-15.900282,-5.245296,-7.8672986,-19.549595,-8.819521,5.706028,86328
2021/01/31,-23.021902,-14.661227,-19.609816,-22.7057,-16.19497,6.3248405,95836
2021/02/01,-20.460308,-12.638132,-27.150396,-25.188572,-23.51073,10.294284,119307
2021/02/02,-18.591463,-10.824676,-17.976616,-23.36797,-23.788696,10.007287,109138
2021/02/03,-11.45709,-3.3927178,-11.138656,-19.17514,-20.704275,7.852941,116818
2021/02/04,-16.875147,-6.8436694,-16.020325,-20.65701,-22.115149,8.962838,110198
2021/02/05,-17.86652,-9.514111,-17.542606,-21.712431,-20.37098,9.516763,96178
2021/02/06,-16.30778,-3.5814762,-11.988304,-19.983887,-8.618148,5.7237387,77296
2021/02/07,-26.297432,-11.048913,-26.485783,-26.615463,-14.787761,5.6980963,60073
2021/02/08,-19.409704,-10.822078,-20.396227,-21.323782,-22.296875,8.791855,101126
2021/02/09,-18.05292,-8.158576,-17.935665,-20.952106,-22.743258,9.40625,94911
2021/02/10,-16.420797,-5.345277,-16.40878,-19.78216,-23.005024,9.290878,100376
2021/02/11,-20.17623,-8.571336,-28.364222,-21.953575,-25.971243,11.177201,95265
2021/02/12,-18.432268,-6.9601717,-27.475151,-20.787683,-24.408014,11.363161,82248
2021/02/13,-17.91006,-0.9581882,-29.59537,-22.2505,-12.76476,7.1813645,62207
2021/02/14,-18.907093,-6.287044,-30.832363,-27.371807,-18.451056,6.705128,54089
2021/02/15,-32.75227,-20.155275,-33.293365,-34.393738,-46.867176,16.989468,84110
2021/02/16,-30.58113,-16.542,-26.266666,-32.392284,-40.626774,15.855747,71491
2021/02/17,-21.25886,-6.300263,-22.331099,-27.53265,-32.061504,12.114495,66776
2021/02/18,-28.185898,-16.359426,-32.493687,-30.774193,-34.42309,14.823529,60959
2021/02/19,-20.796919,-12.304587,-26.404646,-25.49771,-26.605839,12.211505,63840
2021/02/20,-13.360813,-5.2566066,-2.5393794,-16.033606,-6.991232,5.2487683,49498
2021/02/21,-12.687342,-7.0390015,-6.315,-15.23548,-10.234459,4.5960326,46498
2021/02/22,-14.385565,-8.116036,-17.539597,-17.967276,-19.660967,8.11036,79480
2021/02/23,-8.749847,-3.0424006,2.2151334,-14.366279,-19.317213,6.9572935,73562
2021/02/24,-6.250911,-2.50527,7.0592594,-12.674286,-18.896215,6.6679535,68585
2021/02/25,-8.469508,-3.5602095,-2.1977077,-13.035849,-19.008648,7.026578,67122
2021/02/26,-10.745435,-7.221948,-8.594905,-13.62465,-18.062294,7.6989126,73844
2021/02/27,-6.9351015,-2.8706958,8.063512,-10.02359,-6.8373384,3.682114,46343
2021/02/28,-7.3214965,-5.061033,0.15850516,-9.226782,-10.701026,3.6672645,42123
2021/03/01,-8.014233,-3.3625655,-11.879334,-13.307841,-18.452364,6.875,63646
2021/03/02,-7.161998,-2.1653645,-3.615942,-13.061955,-19.26272,6.9805984,67799
2021/03/03,-1.2382119,2.6791093,14.923897,-10.683301,-18.9323,5.9367437,60844
2021/03/04,-5.181818,-0.1983095,5.2995596,-10.830171,-19.052746,6.375483,57000
2021/03/05,-8.07305,-4.197667,-0.33509234,-10.913289,-18.336872,6.901024,64186
2021/03/06,-4.129693,-0.32797202,20.650919,-6.430341,-8.219501,3.037217,65971
2021/03/07,-1.700702,-0.41758242,26.831242,-5.4994607,-10.53631,2.667558,43037
2021/03/08,-6.5482674,-2.2816994,12.296241,-12.244186,-19.046648,6.161633,64346
2021/03/09,-4.7078514,-0.30633572,25.585714,-11.195907,-19.988104,6.19558,58643
2021/03/10,-3.4096165,0.43672132,19.876175,-9.448508,-19.708574,6.2517905,59373
2021/03/11,-4.6083875,-0.3196881,21.456621,-8.346629,-19.803745,6.4014397,53738
2021/03/12,-5.799667,-3.0067692,17.960838,-7.150854,-19.83236,6.6466894,52983
2021/03/13,0.64575016,2.1344123,32.532974,-0.4789916,-8.641901,2.2091713,43732
2021/03/14,0.37210798,-1.0047133,15.700809,-2.416122,-12.1727495,2.8065953,41719
2021/03/15,-3.25919,-1.8002611,-1.2528902,-10.322549,-22.207834,7.035373,61990
2021/03/16,0.15379901,1.9119374,5.9101796,-8.906954,-21.50414,6.627907,60897
2021/03/17,8.324876,4.9553514,8.731277,-6.184287,-21.082733,5.7578425,59035
2021/03/18,2.2376413,0.43591413,-4.419858,-5.942252,-21.817495,6.9567146,57411
2021/03/19,0.5221289,-1.299505,11.254794,-2.829686,-20.845367,5.8113637,55706
2021/03/20,5.2922635,3.062942,40.614628,5.6533194,-8.1131115,1.080064,49005
2021/03/21,9.494778,3.4628165,47.849777,7.03,-9.986726,1.2051057,43763
2021/03/22,2.362898,0.96862745,25.685358,-5.806673,-19.283583,5.2252502,72802
2021/03/23,1.8361963,1.0514994,22.058453,-7.4656863,-20.06996,5.881572,67282
2021/03/24,2.8865726,1.836173,10.763278,-6.9346156,-20.07562,5.768172,67163
2021/03/25,-0.58837485,-0.043705154,12.792035,-6.037002,-20.560202,6.435726,70924
2021/03/26,-1.1430168,-1.8123839,22.273493,-2.4446583,-19.707495,5.5287423,62912
2021/03/27,2.4936998,1.9646143,48.570026,5.15678,-8.351314,1.2688603,51653
2021/03/28,3.555197,0.33070865,8.93218,3.1281767,-11.267351,2.4284444,46760
2021/03/29,3.121799,2.527796,27.51875,-4.6178217,-19.320335,5.038419,75323
2021/03/30,4.5147057,4.648366,38.254097,-4.553589,-20.02814,5.183269,66874
2021/03/31,4.882894,4.5495734,12.581571,-3.9797688,-20.721542,5.8560395,71943
2021/04/01,8.723124,9.898951,17.208145,-0.19052224,-21.295603,5.0854936,64850
2021/04/02,5.315641,9.055521,24.16643,-0.8727273,-33.798054,7.9579735,58393
2021/04/03,5.0462427,18.082912,49.263386,2.2067156,-13.3060665,1.1216,48542
2021/04/04,-21.157097,-7.07188,53.36707,0.6389497,-20.676908,0.4658494,44094
2021/04/05,7.2962265,5.355134,42.98336,-0.23852295,-24.83027,5.1342616,78093
2021/04/06,6.5695815,6.1699347,50.396194,-2.9247525,-21.149405,4.652533,72281
2021/04/07,8.52963,6.929041,42.834427,-2.2015505,-21.087334,4.5463524,71439
2021/04/08,5.494889,5.2003927,38.285713,-1.5938104,-20.38478,4.939746,66632
2021/04/09,0.2673378,-0.30246913,29.555882,-1.6051873,-19.95786,5.1188173,63361
2021/04/10,2.92,2.207627,44.96819,3.8025343,-9.654822,1.4847512,53085
2021/04/11,6.994761,2.9936204,37.89244,6.8101544,-11.580566,1.4756422,47910
2021/04/12,2.2395246,3.3152387,24.049923,-4.429842,-17.65462,4.5864744,78918
2021/04/13,3.0513446,4.4827137,37.09453,-5.820866,-18.538767,4.783784,69753
2021/04/14,3.4168704,3.8275409,26.881063,-5.079227,-19.073513,5.1016483,63611
2021/04/15,1.4628639,3.3137639,20.313572,-4.412835,-18.364357,5.1205945,58355
2021/04/16,-2.2158394,-1.601737,18.982533,-3.6163342,-18.478914,5.3823028,58189
2021/04/17,1.9948484,2.6438646,51.806404,1.565678,-9.802862,1.3522818,47417
2021/04/18,6.9668617,4.3017516,60.93553,5.8243093,-11.164384,1.072871,40949
2021/04/19,1.2608967,3.6374345,29.59711,-4.249753,-17.753284,4.8515844,81210
2021/04/20,1.7989031,5.046375,35.57285,-5.128079,-18.364948,5.1719956,61511
2021/04/21,1.096518,3.851706,19.788162,-5.0077443,-18.815628,5.5553727,56737
2021/04/22,0.72113675,3.9491856,30.590477,-3.1522157,-18.036476,4.9834986,51853
2021/04/23,-2.183889,0.07967881,32.227,-2.269341,-18.005497,4.9699717,51948
2021/04/24,-0.29197496,1.2696948,45.779755,-0.07748691,-10.096864,1.9870864,41067
2021/04/25,5.1581,3.918725,43.693214,5.211283,-10.99118,1.352423,37177
2021/04/26,1.4890419,4.155003,41.203915,-3.0088758,-17.248812,4.3567867,56167
2021/04/27,2.9026763,5.54123,52.181976,-3.4881656,-17.833935,4.3225274,59912
2021/04/28,3.387255,5.3050623,41.569305,-3.2720232,-18.388027,4.730959,53139
2021/04/29,2.2181387,5.0757675,30.939102,-2.2923076,-18.276634,4.9254556,46373
2021/04/30,2.3575041,4.687617,37.638298,0.5182342,-17.740564,3.8736606,44384
2021/05/01,5.5432525,8.360515,75.74404,6.607906,-9.5976,-0.28548643,35014
2021/05/02,8.211147,7.4642572,67.42391,8.883463,-10.91266,0.41754386,31317
2021/05/03,3.552005,8.013081,21.612309,-3.6223984,-17.559328,4.742348,44935
2021/05/04,3.6109755,8.003919,30.41224,-5.4548135,-18.135233,4.9822717,41075
2021/05/05,6.78488,9.878868,33.369205,-3.4966118,-18.10722,3.9847496,40828
2021/05/06,4.698271,8.918194,47.898163,-1.5559845,-17.898954,3.712246,55699
2021/05/07,2.335578,6.654636,42.14504,-0.6919386,-17.480747,3.5073364,47007
2021/05/08,8.557736,17.313852,64.054214,5.6021166,-9.494237,-0.5517516,36014
2021/05/09,10.722986,14.391585,39.32902,6.067853,-11.937653,-0.6143106,45282
2021/05/10,1.318551,7.3099146,32.7104,-2.5308151,-17.973742,4.4307947,53996
2021/05/11,2.2980535,10.9447,39.446518,-1.8359684,-18.07948,4.569061,34090
2021/05/12,3.8458714,10.388669,41.880398,0.15189873,-18.815657,4.525796,41511
2021/05/13,5.2534204,9.608924,61.61005,1.165692,-18.478527,3.7394173,54547
2021/05/14,2.5960784,6.260112,58.974194,3.5368216,-18.42192,3.3112993,32078
2021/05/15,4.808815,9.241206,90.541405,9.869518,-10.644044,-0.4702617,23034
2021/05/16,8.113355,8.1251,64.4139,12.591471,-10.76825,0.33567047,19967
2021/05/17,4.19875,8.2866535,43.219063,0.35264736,-17.198175,4.256111,28732
2021/05/18,5.0073395,9.732284,50.526043,-0.9092722,-17.67714,4.3949256,35927
2021/05/19,6.7708845,10.416777,55.36627,-0.3502439,-17.993153,4.090312,26880
2021/05/20,6.693087,10.60918,54.975986,0.73106796,-17.955957,3.7059472,22840
2021/05/21,2.9887893,7.308411,54.34928,2.0597878,-17.904064,3.4486456,20573
2021/05/22,3.8203661,9.630295,81.61306,6.8478026,-9.058796,-0.43630573,16333
2021/05/23,8.484252,9.163724,70.56378,9.525252,-10.545676,0.011343804,14005
2021/05/24,5.1460676,8.687459,44.161617,-0.47447446,-18.661337,3.9889197,23261
2021/05/25,7.1315303,10.812746,55.78445,-0.8315055,-19.076368,3.9064906,19161
2021/05/26,9.43931,11.791942,55.50173,1.9472141,-19.600504,3.7491803,19271
2021/05/27,10.251196,13.416448,54.974403,5.9783463,-19.99352,3.7253172,23139
2021/05/28,7.0947547,12.091364,44.394653,10.86995,-22.962154,4.572722,15823
2021/05/29,5.7890806,13.615329,64.44479,11.157667,-16.458372,0.32852563,10962
2021/05/30,12.176898,12.935928,70.81557,6.492786,-18.541069,-0.83870965,9701
2021/05/31,2.9433606,7.642458,92.99048,-1.7595574,-67.73665,13.748703,10943
2021/06/01,10.615242,16.011873,62.84991,2.8461537,-21.559267,4.1563015,19115
2021/06/02,9.554528,12.937954,58.32174,2.3751225,-21.310122,4.590335,20308
2021/06/03,10.807647,14.757735,49.977703,3.523996,-21.157385,4.4090657,15044
2021/06/04,5.8351154,9.85875,62.3005,6.6601944,-20.515152,3.67476,14425
2021/06/05,5.908776,12.46287,88.019936,13.97937,-8.965756,-0.97220016,11760
2021/06/06,10.850295,11.158743,79.18567,15.027058,-13.090338,-0.36649215,9216
2021/06/07,8.7335005,11.272607,50.006863,2.8273091,-21.561842,4.592157,14286
2021/06/08,9.257371,12.248353,55.29505,1.2017982,-21.653736,4.811216,14213
2021/06/09,10.700308,13.009247,60.761482,2.9565647,-22.109476,4.3421197,16883
2021/06/10,10.281026,13.290514,64.48677,5.6104026,-22.24569,4.2051992,13907
2021/06/11,4.5223966,8.715717,56.28846,7.6809754,-22.965805,4.415533,13749
2021/06/12,5.362069,11.518813,89.48106,16.136612,-10.319521,-1.0395883,9861
2021/06/13,11.210283,11.943594,83.9406,18.9375,-13.430367,-0.85278744,8777
2021/06/14,9.643577,12.181398,56.090435,5.853683,-22.69754,4.057778,21437
2021/06/15,11.095502,13.996706,68.23757,3.811,-22.38114,4.0762854,15813
2021/06/16,12.70086,14.366711,74.93084,5.715706,-23.088625,3.3191023,15896
2021/06/17,11.695574,13.936016,78.33579,8.057312,-23.634146,3.4384317,13856
2021/06/18,6.2824125,10.272841,72.04,10.387255,-25.784342,4.017007,16991
2021/06/19,6.076037,14.050836,83.88119,16.025026,-12.1837015,-1.0166799,12092
2021/06/20,11.363995,13.568532,72.90333,17.409245,-15.710111,-1.6498697,10152
2021/06/21,6.6088862,7.5615535,52.888306,5.5878787,-24.137482,4.9042015,24493
2021/06/22,8.411945,9.530263,55.44365,3.2865732,-23.549408,4.8526316,17996
2021/06/23,10.920468,11.420146,75.3227,6.1112213,-23.372494,3.6952224,16920
2021/06/24,10.07049,10.997365,71.27125,7.983168,-23.68555,3.988385,15752
2021/06/25,5.038074,7.206617,64.40672,10.086359,-24.190615,4.226008,26187
2021/06/26,4.7277427,8.943002,79.67633,18.379086,-9.589815,-0.651237,12371
2021/06/27,10.775443,9.473005,78.795456,21.601143,-12.666828,-0.7637315,11165
2021/06/28,8.836888,9.792763,51.961937,5.1742196,-24.336588,2.313433,25366
2021/06/29,5.940061,7.0820746,51.12807,0.759204,-25.62075,3.9933555,18769
2021/06/30,12.050031,13.282494,56.525482,6.423729,-23.967001,4.2445054,18825
2021/07/01,15.186899,18.201324,55.265736,12.274178,-24.743277,4.1863937,30695
2021/07/02,11.697608,19.441435,60.824707,16.948616,-28.134058,4.476731,32663
2021/07/03,6.7977858,22.318447,86.07588,17.544167,-17.09365,-1.2096902,28057
2021/07/04,1.4714754,15.130363,129.10167,5.35255,-22.79469,-3.1975944,18640
2021/07/05,11.751738,10.540322,87.001854,4.864235,-62.450607,12.478711,32293
2021/07/06,10.993201,15.050725,57.174774,4.7108436,-26.402504,5.4416018,29666
2021/07/07,10.2296295,13.139442,57.35575,5.040594,-26.02938,5.4078584,29930
2021/07/08,9.256104,11.902906,51.62803,6.591757,-25.557589,5.500835,30703
2021/07/09,4.2082634,8.028108,57.53454,9.254616,-24.685474,5.0347576,36159
2021/07/10,4.4914284,10.585488,82.182556,19.153173,-9.738688,-0.49760383,26005
2021/07/11,9.030144,9.193574,64.85648,19.1748,-12.860735,0.23394899,25248
2021/07/12,8.620841,11.045455,48.18089,5.4561934,-23.468908,4.763158,42853
2021/07/13,9.651562,12.400264,60.21043,3.639,-23.46038,4.7586017,79160
2021/07/14,12.234895,13.686795,63.580936,5.428713,-23.276543,4.163636,74740
2021/07/15,14.43619,15.343688,70.05082,9.125737,-23.324247,3.700387,47158
2021/07/16,6.7059484,9.799252,62.988293,10.915852,-23.705647,4.1856494,49749
2021/07/17,6.8146653,11.502886,82.32428,18.769901,-10.098248,-0.5602554,38113
2021/07/18,12.786139,11.415994,79.73802,22.02299,-12.860039,-0.5660542,38095
2021/07/19,10.203646,12.403833,53.045998,7.2079105,-23.66039,4.67789,73106
2021/07/20,10.656212,13.147758,65.11392,4.4161677,-23.47597,4.648364,72159
2021/07/21,11.893144,13.93887,66.29562,5.864811,-23.246683,4.0627065,70429
2021/07/22,11.737471,14.095647,73.871376,8.455078,-23.386576,3.9501386,66991
2021/07/23,5.781128,10.262039,70.42784,10.729941,-23.935226,4.1837316,69640
2021/07/24,5.4859114,11.520924,88.94634,18.818975,-9.797696,-0.7206704,61424
2021/07/25,10.628138,11.311793,74.12825,21.526257,-12.311079,-0.4488189,57140
2021/07/26,9.212045,12.4715605,55.254295,7.080483,-23.439377,4.6761904,88988
2021/07/27,9.344997,12.563492,59.4219,3.799,-23.332975,4.8763857,97502
2021/07/28,10.903882,14.005976,62.168457,5.1781096,-23.182405,4.448732,95293
2021/07/29,9.818128,13.325627,53.038063,7.0911765,-23.41388,4.7623267,97663
2021/07/30,8.003378,12.598248,63.396694,10.3169775,-23.530762,4.108461,96916
2021/07/31,7.0994825,12.982672,80.54921,18.369802,-9.549147,-0.6176,95683
2021/08/01,11.817403,12.415922,62.770206,21.174112,-12.227977,-0.17292577,82885
2021/08/02,11.055555,14.5284395,57.60764,6.3094034,-23.106121,4.5022397,133140
2021/08/03,13.659443,17.974884,60.59034,4.485601,-23.377825,4.403761,127689
2021/08/04,12.299319,16.245684,60.658928,4.6308455,-23.171572,4.135239,119196
2021/08/05,11.276749,16.050098,62.424297,6.403131,-23.35142,4.1444383,114415
2021/08/06,5.62493,11.198877,63.720467,8.4765625,-23.26358,4.197727,168890
2021/08/07,4.9902635,12.105111,73.840126,14.971708,-10.250691,0.07544141,84095
2021/08/08,11.287311,12.829011,67.678856,18.92622,-12.215258,-0.07443082,90821
2021/08/09,9.065122,14.119236,45.560272,4.329648,-23.111595,4.7162843,139994
2021/08/10,8.945912,14.414361,50.239094,1.777336,-23.054977,4.9562325,141804
2021/08/11,9.188923,14.219642,48.85567,2.396637,-23.253496,4.571586,132288
2021/08/12,9.064727,14.351387,52.604492,5.3541465,-23.38871,4.379291,132903
2021/08/13,5.9208755,11.444167,53.30244,6.875728,-22.860949,4.107771,136139
2021/08/14,6.4673166,12.659927,72.2127,13.584331,-10.387424,-0.13669065,99801
2021/08/15,11.9526005,12.993523,68.88199,17.915062,-12.8845415,-0.049781658,88747
2021/08/16,9.091932,13.508911,39.995,3.289,-23.297611,4.5078387,165629
2021/08/17,8.589902,13.398289,42.35473,0.6573982,-23.539124,4.9122224,156850
2021/08/18,9.173538,13.675944,43.102215,1.7343137,-21.252695,4.429752,143604
2021/08/19,7.7721066,12.573123,44.14735,2.7658536,-21.633154,4.3879933,143384
2021/08/20,3.5880713,9.080695,48.66294,3.9644232,-21.329437,4.137677,143883
2021/08/21,4.318104,11.24371,68.55247,8.990271,-10.250577,0.46024096,104769
2021/08/22,7.086614,9.61147,42.64394,9.261161,-13.126148,1.2649648,91832
2021/08/23,5.516149,11.486184,36.216667,0.19681908,-21.545588,4.4426413,170745
2021/08/24,5.3272285,11.5026245,43.157265,-1.236166,-21.702013,4.4861264,183189
2021/08/25,6.3604155,12.655445,44.556877,0.15317073,-21.098597,4.2330203,173991
2021/08/26,5.520378,11.745729,44.858585,1.2198443,-21.352644,4.4394445,159578
2021/08/27,1.8389972,7.6204967,42.189953,1.5718418,-19.881536,4.2342596,153561
2021/08/28,2.2702856,9.341881,64.975426,7.8306537,-9.976421,0.9459241,113111
2021/08/29,4.7909093,7.249799,50.41203,8.1796875,-13.794587,1.4853333,84765
2021/08/30,1.9764706,7.6754446,31.733334,-2.9662364,-21.735422,4.825647,155719
2021/08/31,4.5341463,10.4957485,37.00335,-1.088845,-20.766188,4.747357,159291
2021/09/01,6.900491,12.412153,29.21732,0.12953876,-20.765024,4.3180814,159527
2021/09/02,8.139714,13.333552,48.369934,4.225681,-20.446526,3.55285,148295
2021/09/03,8.177365,14.064757,52.862015,10.285714,-21.770157,3.1817667,143608
2021/09/04,5.3518944,12.872845,77.69279,8.486545,-16.611517,0.48381877,102873
2021/09/05,11.738673,11.619822,80.90759,3.1161504,-18.352745,-0.25701755,93467
2021/09/06,3.871955,6.638488,80.837036,-4.919436,-67.59935,14.988992,103830
2021/09/07,4.7361703,13.159895,44.75475,-1.5468904,-19.86321,3.880729,171111
2021/09/08,4.3067074,11.5547495,42.689713,-0.8642578,-18.57189,3.7246697,159165
2021/09/09,3.490254,10.0216255,41.229866,-0.5140368,-18.222744,3.6230683,163080
2021/09/10,1.4182022,6.456064,52.1648,1.4806577,-16.181852,2.8631222,140083
2021/09/11,3.3501143,7.933949,84.92135,6.3365383,-9.004165,0.16305222,92023
2021/09/12,4.2116504,7.5404325,61.800926,7.7450333,-13.158784,1.082083,107748
2021/09/13,2.4440322,9.025624,37.252087,-0.8562934,-17.626322,3.6404243,167459
2021/09/14,3.737675,9.34658,44.67069,-3.0897436,-18.481441,3.8650444,166228
2021/09/15,7.620478,11.352242,40.927853,-0.7519455,-18.27276,3.3763735,145747
2021/09/16,6.4341636,10.063481,44.587837,1.1632653,-18.726255,3.3453038,119600
2021/09/17,3.0345788,6.304644,44.15895,2.6740599,-17.908657,2.828426,130153
2021/09/18,4.652,7.5658083,72.870316,5.59597,-11.580956,-0.049719326,110106
2021/09/19,6.113134,7.6222935,55.84258,9.815642,-15.118921,0.6205083,90685
2021/09/20,2.358385,7.685864,31.64172,-0.4861111,-17.20853,3.924623,125025
2021/09/21,2.6231003,8.055555,37.242374,-2.5478776,-16.880995,4.0940266,115473
2021/09/22,2.7509136,7.798684,31.978895,-1.8913676,-15.237545,4.068207,109101
2021/09/23,3.6851742,8.46466,41.986732,0.93126816,-15.400507,3.489796,117864
2021/09/24,2.237723,5.6602483,52.342903,2.8411934,-15.045555,2.5586908,113066
2021/09/25,4.114482,7.558635,87.214745,6.277719,-9.80204,-0.5067946,75784
2021/09/26,5.5756,7.204147,64.88732,10.459071,-13.462132,0.40386304,65493
2021/09/27,2.315399,8.19082,39.504932,-0.6200397,-14.909522,3.3721576,116026
2021/09/28,1.8690115,7.734467,39.071186,-3.1811023,-14.863291,3.5110133,132361
2021/09/29,3.8087697,8.992778,42.983334,-1.4417475,-14.546768,3.1373086,131117
2021/09/30,5.137197,9.920863,42.852158,1.5924125,-14.264376,3.1529994,113583
2021/10/01,7.130017,11.297079,46.05,4.3478684,-14.135264,2.068246,129867
2021/10/02,6.888316,10.719713,76.318886,6.198514,-10.6709795,-0.098715894,70584
2021/10/03,6.202738,8.490822,45.24,8.777162,-14.190935,1.1129744,57677
2021/10/04,3.7614906,10.7263775,27.027243,-0.9115308,-14.833881,3.540345,104677
2021/10/05,3.8243902,10.102548,34.50909,-1.8372781,-15.265173,3.686707,97581
2021/10/06,3.4671533,8.652632,36.441708,-0.672179,-14.836882,3.5582418,93323
2021/10/07,4.2513275,9.256881,41.099674,2.0484967,-15.026753,3.250138,97205
2021/10/08,2.7434468,6.4962826,41.708527,4.6847196,-15.902162,3.1454546,107369
2021/10/09,4.6578946,8.329764,70.05385,8.117709,-10.704524,-0.072173215,62021
2021/10/10,6.0506163,7.1107545,48.514286,9.471823,-14.581081,0.73327464,54703
2021/10/11,3.6202846,7.824262,35.12258,1.4939759,-22.492413,5.415497,86959
2021/10/12,2.514563,8.628423,34.39404,-0.6725838,-15.018084,3.718543,87895
2021/10/13,3.3746943,8.613562,34.226326,-0.70691335,-14.745756,3.5027442,86602
2021/10/14,4.9093065,9.1653595,39.294117,1.7304348,-14.730756,3.0500824,75396
2021/10/15,4.461926,6.489467,37.07504,3.3304265,-15.355938,2.8661773,71588
2021/10/16,5.6831512,7.752849,65.29742,7.183457,-11.197696,-0.13589129,52871
2021/10/17,7.4,7.5704,49.65676,11.139198,-14.315154,0.3526825,47842
2021/10/18,3.5921788,8.130804,31.620192,0.16285998,-14.879097,3.3759732,80328
2021/10/19,3.6295621,8.551859,38.386936,-1.5069034,-14.460036,3.2759757,79503
2021/10/20,4.385697,8.704531,36.736336,-0.106237814,-14.137694,3.0568616,73757
2021/10/21,3.752809,8.073203,33.925514,0.87258685,-14.781996,3.3498623,71543
2021/10/22,1.8130217,4.986981,32.983532,1.8713733,-14.855833,3.0747452,85149
2021/10/23,3.301315,6.5987263,54.39699,4.659979,-10.328255,0.060096152,50717
2021/10/24,2.7300258,4.703645,24.65352,6.5911603,-14.778314,1.4808207,47184
2021/10/25,0.21817058,6.610203,11.113809,-2.550149,-13.769175,4.336678,78327
2021/10/26,1.790146,7.8392158,14.867601,-3.1974459,-13.416757,4.130867,93546
2021/10/27,3.2202563,8.65,19.580746,-1.7090204,-13.239436,3.697318,75448
2021/10/28,3.8007097,9.022921,14.372932,-1.4357488,-13.439422,3.9900386,79761
2021/10/29,1.3189944,5.182324,12.668548,-1.5541706,-13.311169,3.9506524,69263
2021/10/30,3.3638444,9.533049,38.01931,-0.29245284,-11.008303,0.698553,53254
2021/10/31,4.0947437,8.897129,46.73538,2.1292443,-14.853623,0.62610227,49363
2021/11/01,2.6418374,8.46038,11.937879,-1.7024876,-14.346618,4.0022297,84456
2021/11/02,2.5270517,8.24282,14.91149,-3.4208455,-14.396022,4.368916,79063
2021/11/03,3.733659,9.984211,12.822531,-2.5237634,-13.22395,3.845774,91744
2021/11/04,2.335896,7.8104577,10.39911,-2.0740385,-13.338038,4.068508,75800
2021/11/05,1.1054688,3.853177,13.769875,-1.1033493,-12.90287,3.7998867,76590
2021/11/06,1.2026181,4.0330753,31.428377,-0.035490606,-10.17742,1.3882163,57611
2021/11/07,3.9620335,5.3590765,27.5838,2.320569,-13.8134365,1.5031,56147
2021/11/08,0.28421053,6.5437336,16.381819,-2.8736427,-12.813597,3.8364956,94274
2021/11/09,1.319394,7.2283106,17.4875,-3.1043308,-13.053926,3.8489525,89938
2021/11/10,4.045122,8.685076,17.53014,-0.6132167,-13.082761,3.398904,97614
2021/11/11,5.0918245,7.521569,13.142858,-2.105364,-23.58754,6.421317,75755
2021/11/12,-0.69727325,3.1636922,4.9451303,-2.8529131,-15.043972,5.128482,85059
2021/11/13,1.4536668,4.3735023,17.574244,-0.64748955,-10.5591345,1.8593496,63820
2021/11/14,2.080821,3.5484128,5.281579,2.2922573,-14.429672,2.1263442,59712
2021/11/15,2.082302,7.311969,0.20784883,-3.1298316,-13.397225,4.1926093,102332
2021/11/16,2.67881,8.289439,9.91271,-3.032353,-13.286645,4.0093923,97959
2021/11/17,3.1393793,9.168532,10.131818,-1.6527643,-13.023147,3.6856518,94086
2021/11/18,2.5106258,7.9914865,5.775837,-0.84474444,-13.076784,4.101826,89175
2021/11/19,-0.12451362,4.719233,2.4045699,1.6192307,-12.451767,4.359704,86244
2021/11/20,1.0590909,6.289344,15.225261,9.66525,-8.678852,1.6131387,64904
2021/11/21,2.0256574,5.9420633,6.1574802,6.6696033,-11.976733,2.0384614,60097
2021/11/22,6.365732,14.356066,0.8768116,0.13060817,-18.343386,4.9070945,102516
2021/11/23,12.595928,23.33751,8.30166,5.196,-20.135496,4.3695893,96009
2021/11/24,26.169931,48.23394,11.724191,12.523857,-31.2,4.986718,94240
2021/11/25,-69.702675,-25.437181,-0.23154847,-26.532516,-81.99365,18.416813,51846
2021/11/26,-2.9109628,-4.3103023,8.05803,-22.342619,-57.46636,14.868639,83392
2021/11/27,-7.235062,-3.5716283,6.3503184,4.56811,-19.495234,3.8562038,77573
2021/11/28,-1.7286723,-0.4873817,-2.312987,20.454649,-15.198847,2.5071685,81245
2021/11/29,0.6140567,6.0620103,-3.3045976,-0.36218905,-13.487742,4.75,135322
2021/11/30,1.5450121,7.839635,0.7756315,-1.5368731,-13.21558,4.4764805,131516
2021/12/01,4.6731706,10.863636,5.668639,-1.4316198,-12.95264,3.892485,131106
2021/12/02,2.2795253,8.097259,9.317037,-3.0631578,-13.054993,4.1314917,114537
2021/12/03,1.610179,5.3836207,10.049587,-3.368421,-11.651806,4.027857,116973
2021/12/04,2.8322875,5.877292,18.51111,-1.9717869,-6.448932,1.5371567,82892
2021/12/05,0.84753364,4.16693,0.4398977,-2.2985885,-12.041546,2.606278,78714
2021/12/06,-1.599504,5.608214,-11.977809,-6.2472906,-13.328222,5.1620865,139571
2021/12/07,0.4574018,7.4333115,-5.707914,-5.4823875,-12.203837,4.7090006,123924
2021/12/08,0.95575756,7.3755746,-5.4694166,-4.5614715,-11.506869,4.568767,116749
2021/12/09,1.4181925,7.8005233,-4.111111,-4.1056676,-10.885579,4.304945,110629
2021/12/10,-3.386829,2.8625767,-2.879265,-6.0321665,-10.8113,5.188604,113719
2021/12/11,-1.9960496,2.6937633,-3.902994,-5.2704663,-6.209205,2.4188862,89218
2021/12/12,3.1135204,5.2090263,-1.1641026,-2.8816504,-9.667477,2.0026715,93509
2021/12/13,2.5540457,8.853499,-4.9437413,-5.198623,-10.790553,4.282778,154536
2021/12/14,5.3487525,11.227095,1.2735294,-4.219921,-11.286543,4.084615,153582
2021/12/15,8.042461,14.16524,-0.67919075,-3.2357488,-11.765919,3.904632,154613
2021/12/16,7.600833,12.46174,1.2688478,-0.8027079,-12.289855,3.9703133,158497
2021/12/17,2.7286909,7.0882716,2.4867022,0.7219559,-11.99114,4.501703,173229
2021/12/18,1.961061,8.364923,-7.0933013,6.754757,-7.097584,1.7112904,147323
2021/12/19,6.527529,7.338876,-9.295597,5.9052863,-10.033998,1.6862222,151764
2021/12/20,12.629213,16.82994,-4.5401974,-0.461,-20.064411,5.540056,274964
2021/12/21,14.385512,20.357002,-2.1797101,0.116716124,-21.480936,6.013866,289744
2021/12/22,19.99504,27.859127,1.7955883,2.1743844,-24.826399,5.813326,309434
2021/12/23,28.482296,45.133957,5.839827,-0.41489363,-37.246094,7.78404,319568
2021/12/24,-17.21385,24.242785,-2.4187582,-24.92572,-63.896515,16.069698,242293
2021/12/25,-81.73963,-59.504704,-20.266432,-27.395683,-64.01323,9.664696,182819
2021/12/26,-2.953265,-3.155783,2.095675,1.1609323,-22.506882,3.3866906,303681
2021/12/27,3.4611077,4.314827,-0.65412444,-2.166166,-40.020706,11.599656,543735
2021/12/28,1.5131018,5.297914,2.6656804,-4.728529,-34.970535,11.134235,599136
2021/12/29,3.440244,8.134426,0.12011577,-4.657254,-34.868187,10.934794,617340
2021/12/30,8.915526,16.762968,0.9191489,-5.995178,-37.692963,11.0716305,601929
2021/12/31,-8.391232,14.180236,2.0604026,-23.635523,-55.1242,16.106007,472895
2022/01/01,-39.846195,-28.579498,-23.889523,-26.181541,-40.92785,11.263959,350607
2022/01/02,-14.639748,-7.341313,-24.411072,-3.365615,-19.612888,6.302093,471822
2022/01/03,-6.48582,3.7088773,-22.072386,-11.068966,-27.663652,11.144159,906632
2022/01/04,-6.121818,6.237598,-14.344585,-9.426197,-18.54621,8.431932,836096
2022/01/05,-8.517825,6.207979,-15.4260025,-10.871278,-17.398558,8.221729,793815
2022/01/06,-14.658892,0.9344156,-18.198648,-14.401515,-20.020863,10.08525,756352
2022/01/07,-19.354715,-9.244214,-23.581772,-16.918919,-20.73067,12.023782,671262
2022/01/08,-14.309244,-2.9549549,-14.9226265,-13.805815,-11.061083,6.7497935,477313
2022/01/09,-16.601637,-7.937452,-24.534117,-14.463906,-15.826923,6.3048224,483791
2022/01/10,-10.1527605,1.2577922,-17.799181,-12.662123,-15.488873,7.6546683,839873
2022/01/11,-10.333133,0.509715,-13.85554,-11.9951315,-16.31539,7.6257634,810115
2022/01/12,-8.211098,2.9548132,-5.734957,-10.417624,-16.319164,7.3191605,830949
2022/01/13,-8.261709,4.287394,-3.8170214,-10.117478,-16.880737,7.4041133,685382
2022/01/14,-11.770844,1.3467643,-7.4667535,-11.437559,-17.834127,8.600116,652463
2022/01/15,-16.110369,-1.1713092,-14.8770685,-14.859213,-12.952293,6.021577,404962
2022/01/16,-23.930798,-14.27739,-20.873016,-21.638365,-22.937618,7.0978065,358343
2022/01/17,-19.263481,-11.865574,-15.249662,-19.9758,-41.19741,14.786781,559515
2022/01/18,-11.273489,-0.35561323,-6.520173,-11.732422,-19.195614,7.8652124,715802
2022/01/19,-9.485594,2.451339,-6.9289775,-10.9,-17.2758,7.2829456,643523
2022/01/20,-13.63345,-2.512605,-16.577957,-12.486692,-18.703716,8.943789,608404
2022/01/21,-16.131392,-7.460838,-17.25,-15.21662,-17.52842,9.890435,505106
2022/01/22,-16.009518,-7.9495854,-11.367059,-16.050829,-11.677747,6.127063,319485
2022/01/23,-15.14142,-8.806827,-11.2093315,-14.82963,-14.693936,5.157324,261035
2022/01/24,-12.242221,-3.2006474,-10.210379,-12.561284,-14.931752,7.108488,504208
2022/01/25,-10.751351,-1.869987,-8.723891,-11.976517,-15.077368,6.993341,412731
2022/01/26,-9.215615,-1.1880286,-9.297721,-10.53167,-15.041456,6.7332597,460855
2022/01/27,-8.915205,0.20532814,-6.1648045,-9.437321,-14.177023,6.4395785,354058
2022/01/28,-11.420298,-2.0530164,-8.911573,-10.937148,-13.203011,7.271527,318628
2022/01/29,-15.86027,-11.108801,-11.205742,-16.759415,-12.063221,6.100985,191729
2022/01/30,-12.703518,-6.996887,-9.187902,-12.860465,-13.2985,4.1783786,166021
2022/01/31,-6.3520346,1.5489556,-6.0964537,-10.185113,-12.355629,5.3932962,288752
2022/02/01,0.2212766,12.100785,-0.76296294,-6.9089127,-12.529326,4.581588,281999
2022/02/02,-10.984375,2.460066,-11.16243,-14.310345,-18.115911,7.8232045,228068
2022/02/03,-22.236904,-9.043651,-19.609524,-23.503738,-27.47014,12.177136,213944
2022/02/04,-20.856123,-13.246491,-20.11167,-20.97963,-25.657133,12.737362,192360
2022/02/05,-8.093311,-2.7407923,-4.8521633,-12.632399,-7.8192325,4.1149426,114072
2022/02/06,-5.9823565,-2.7352486,-2.2470891,-10.354565,-11.589094,3.2798207,90480
2022/02/07,-5.9809933,0.80338544,-6.1557145,-9.042927,-11.379524,5.0495543,179309
2022/02/08,-3.8661036,2.6775033,2.3544495,-7.6175027,-11.676705,4.419692,160291
2022/02/09,-2.0466666,4.127785,9.217066,-6.2919497,-11.426449,4.0676856,130749
2022/02/10,-2.7642562,4.406901,9.317109,-5.958733,-11.528131,4.2516484,123499
2022/02/11,-4.9059215,1.0416923,12.217983,-6.132004,-10.900921,4.5524077,130128
2022/02/12,-1.8244921,5.2937455,19.91237,-6.682573,-6.9304266,2.0444264,65488
2022/02/13,-8.142225,8.638247,-7.796935,-11.567625,-12.518447,2.0354924,60846
2022/02/14,2.7565055,11.079085,-2.0856314,-8.943415,-12.209949,4.2808676,90889
2022/02/15,-5.5,-0.2051948,5.56079,-6.5392156,-11.232052,4.2443714,87443
2022/02/16,-3.114476,2.4865575,8.199101,-4.8003874,-10.945975,4.0916033,104781
2022/02/17,-9.473962,-3.41792,0.9985755,-7.669216,-13.9222145,6.3570633,95113
2022/02/18,-6.5618787,-4.438682,3.3377483,-3.9914286,-14.068307,6.205597,114183
2022/02/19,-2.4184997,-2.21284,12.289372,-2.7552302,-7.5048723,2.1557708,63049
2022/02/20,2.4469988,-0.2034564,23.7274,-2.3369331,-12.073337,1.4278122,36594
2022/02/21,0.14638665,1.0651466,22.216793,-4.290927,-26.766462,7.3138685,58427
2022/02/22,-6.747279,-2.39961,-2.7767856,-7.890748,-14.01122,5.643055,58430
2022/02/23,-6.0826797,-0.5117801,4.209677,-7.4653177,-13.673898,5.379178,72713
2022/02/24,-7.201055,-2.1105332,-6.573654,-9.349524,-16.331766,6.536883,76791
2022/02/25,-8.6694355,-7.8919415,-5.613666,-9.023719,-13.543478,6.673516,50914
2022/02/26,-1.3958216,-2.4210894,6.3594527,-4.883576,-6.827827,1.8887097,29196
2022/02/27,0.25686902,-1.5570313,2.773142,-2.811075,-11.101555,1.684629,21266
2022/02/28,-0.8076685,1.5762712,4.483582,-5.399411,-9.627975,3.5096953,42064
2022/03/01,2.9816737,4.9516973,17.4125,-4.2482758,-10.517793,3.060689,48331
2022/03/02,1.8996942,3.0340314,21.420723,-3.1456501,-10.173188,2.726779,52973
2022/03/03,2.4298453,4.2130294,14.073059,-3.4777992,-9.921148,2.870421,37794
2022/03/04,-1.4456218,-0.90306747,11.462624,-4.0404234,-9.272491,3.3859155,33441
2022/03/05,0.48376068,0.44280702,29.801912,-3.044164,-7.5018587,0.82357657,18054
2022/03/06,1.328215,0.23307087,20.964432,-2.284632,-11.372758,1.3173759,16976
2022/03/07,-5.391278,-0.98043054,1.010279,-6.8082595,-10.6108465,4.7586207,41154
2022/03/08,-3.4341788,0.7243173,5.1714287,-7.23001,-10.083697,4.274229,34408
2022/03/09,-4.0581465,-0.35147542,0.23887241,-7.495146,-10.113851,4.355033,30693
2022/03/10,-3.4654868,0.28347486,7.616071,-5.836066,-10.631579,4.271578,38883
2022/03/11,-7.46073,-3.0416923,4.2013607,-5.702574,-11.740059,5.746294,37513
2022/03/12,-12.655462,-11.572327,-10.823389,-7.8066874,-11.108245,4.6131687,20147
2022/03/13,-2.405233,-2.9457974,8.657718,0.8360836,-11.608062,2.225,12716
2022/03/14,-2.6514215,0.5693717,23.209303,-4.0366335,-12.618734,4.5311804,28561
2022/03/15,-0.51540786,1.2790091,30.87785,-4.440678,-12.630758,4.152617,52613
2022/03/16,2.185321,3.2339027,37.384106,-2.491691,-12.591024,3.4626296,76728
2022/03/17,1.5067927,1.5045751,28.755627,-2.6166506,-13.206596,3.5872667,92413
2022/03/18,-4.3412876,-4.6678967,25.049929,-1.3598849,-14.320103,5.030131,24732
2022/03/19,-0.6734926,-1.5614035,30.086184,1.7282377,-7.956421,1.0601926,15467
2022/03/20,3.4390717,1.4055336,41.518196,6.609461,-11.200097,0.685413,16145
2022/03/21,-2.144623,0.10443864,27.008104,-3.7480237,-10.931009,3.9554813,34321
2022/03/22,-4.1475015,-1.6623292,20.981012,-6.236686,-11.711846,4.8276243,37969
2022/03/23,-2.5408843,-1.1335952,12.372164,-4.440349,-11.003983,4.3531027,31539
2022/03/24,-1.9169122,-0.7807417,15.529503,-3.60697,-11.074236,3.9807374,26629
2022/03/25,-3.251663,-3.6925926,25.281977,-1.980843,-10.637004,3.8640997,27170
2022/03/26,-1.21983,-2.1437588,33.493076,-0.037194476,-7.2136555,0.9751004,21124
2022/03/27,0.03974359,-0.98900235,22.038836,2.0889132,-10.950413,1.3682343,14389
2022/03/28,-4.3859973,-1.3315927,12.457627,-4.69057,-9.665933,4.0448503,47002
2022/03/29,-2.7364295,-0.056751467,18.862904,-5.411823,-9.945475,3.8895605,31334
2022/03/30,-3.6886337,-1.7772667,17.5,-5.0378275,-10.551124,4.301535,40362
2022/03/31,-1.7039435,-0.72077924,14.905775,-3.4466858,-10.169275,4.130363,28067
2022/04/01,1.9926966,1.9579728,25.155619,-0.9616123,-9.23154,2.5366948,29265
2022/04/02,2.344,1.1128349,44.020203,1.0319829,-7.346172,0.25479233,23394
2022/04/03,3.9818535,2.284585,32.32471,1.9551423,-10.337884,0.6895339,18918
2022/04/04,-0.8339529,2.054866,23.955835,-3.8796844,-9.76909,3.1188502,39076
2022/04/05,-1.6346037,0.65772253,23.728731,-5.723658,-10.795785,3.9398122,37861
2022/04/06,-0.76638347,1.2705187,21.363058,-3.9446602,-10.560755,3.5709589,37072
2022/04/07,-0.14235085,1.8308393,19.940346,-2.7809799,-10.622642,3.4925783,33004
2022/04/08,-0.50027764,0.19482121,24.91775,-0.4755513,-9.846296,3.4099379,34957
2022/04/09,2.592023,2.6358504,41.58251,1.8878307,-6.4392176,0.49839744,22847
2022/04/10,5.5409093,5.062102,41.02209,4.1863284,-9.429199,0.29225352,23021
2022/04/11,0.17799753,4.621799,27.531847,-2.737721,-8.992655,3.300277,41314
2022/04/12,0.84089535,4.3033266,36.48247,-4.5326085,-9.95193,3.3854167,42082
2022/04/13,0.75288403,4.0124674,29.2864,-3.8302438,-10.712264,3.6821408,43704
2022/04/14,5.6630955,7.8815446,33.02124,-0.054580897,-12.092728,2.9038777,42456
2022/04/15,3.359664,6.9737825,40.808643,-3.1967525,-28.613852,6.4738355,37563
2022/04/16,0.32136753,13.547534,39.08671,-6.887265,-13.615985,1.3263328,29539
2022/04/17,-27.29888,-14.125397,32.21075,-4.545946,-24.781637,0.18381706,26319
2022/04/18,-2.7693727,-0.84816754,14.208775,-2.8133068,-16.70997,5.397982,74643
2022/04/19,-1.887009,0.5920882,26.952692,-3.9356437,-10.705925,3.6341195,52916
2022/04/20,1.029643,2.446335,35.202282,-2.1819067,-10.169873,2.9989083,50505
2022/04/21,1.8046045,2.9817352,42.177742,-1.3542471,-10.101781,2.8642583,49128
2022/04/22,0.87765366,0.88497216,42.32339,-0.3506244,-9.888601,2.6365688,58833
2022/04/23,4.155301,4.078292,73.87907,1.8688699,-7.0176907,-0.5885168,48768
2022/04/24,6.2945385,4.8828683,58.99846,6.4733925,-10.382927,-0.15485564,37852
2022/04/25,0.2802469,4.21916,29.741518,-2.3708086,-8.488603,3.1630616,78524
2022/04/26,1.2398546,3.9483998,31.023102,-3.2253938,-8.540648,2.9108803,67570
2022/04/27,3.679659,5.7307944,37.20034,-1.8563107,-8.525264,1.9902492,77125
2022/04/28,3.8116114,5.5427823,38.859768,-0.48737863,-8.823015,2.008179,82242
2022/04/29,3.6621697,3.967722,41.640064,0.4802695,-8.884644,1.9583802,62722
2022/04/30,5.8060813,5.1965933,64.39024,2.108742,-6.9301023,-0.38209432,50254
2022/05/01,7.7667103,6.8432,55.053413,6.1306257,-9.865432,0.22163588,49711
2022/05/02,2.397883,6.721494,31.322529,-2.5952616,-8.272159,2.7370167,82856
2022/05/03,6.152054,9.985612,34.951504,-2.837811,-8.7750635,2.6064587,85309
2022/05/04,5.2263,8.689723,34.758793,-1.9376826,-8.547835,2.1499186,109420
2022/05/05,6.900949,8.623529,41.016582,-1.2011606,-9.042258,1.9496442,108690
2022/05/06,2.662549,4.1567535,26.784962,-1.3647739,-9.553333,2.7512634,101977
2022/05/07,9.835933,13.808602,51.97901,0.71321964,-8.50209,-0.9976247,57036
2022/05/08,14.081295,14.066936,42.811012,3.0959206,-12.191241,-1.4352736,73838
2022/05/09,2.9326684,6.247043,45.159054,-1.1526264,-9.311054,2.1899502,145888
2022/05/10,5.4219513,7.8940787,53.43672,-1.8313493,-9.825264,1.7663399,131631
2022/05/11,5.2835274,8.094799,51.91944,-0.43135345,-9.796881,1.6033641,99178
2022/05/12,5.650445,8.006557,51.629116,1.1854368,-10.373139,1.6766794,94618
2022/05/13,2.9882288,4.9025607,51.027462,1.6573359,-10.94465,1.8371701,89406
2022/05/14,4.895977,6.426638,75.34755,4.1256714,-8.796853,-0.81145585,87755
2022/05/15,8.090196,7.8102894,67.57528,8.070796,-11.030185,-0.5847902,77182
2022/05/16,2.9095447,7.0158,43.733788,-0.506986,-9.911397,2.339039,130686
2022/05/17,4.4313607,7.4957266,57.662434,-1.7906746,-10.390466,1.9939891,128039
2022/05/18,4.6923075,7.359736,47.50085,-1.0583657,-10.496915,2.1430902,137686
2022/05/19,5.3931117,7.5490837,49.988014,0.30273438,-11.333939,2.0700603,111955
2022/05/20,2.459899,4.497506,50.323673,1.4003868,-11.954696,2.2567568,127002
2022/05/21,2.3091843,5.2630076,72.77551,4.0462365,-9.07824,-0.26442307,66467
2022/05/22,6.1187215,6.228732,63.402496,8.158483,-11.370929,-0.053508773,62198
2022/05/23,2.2760546,5.530532,41.217754,0.805,-11.9051285,3.0844445,154619
2022/05/24,3.4741328,6.1159897,44.37762,-1.3260437,-12.752625,3.3777533,121546
2022/05/25,5.586691,7.4638157,42.221283,0.7480392,-13.3415165,3.0515351,110359
2022/05/26,7.633987,9.114625,46.347828,5.070727,-14.919075,2.8697572,137510
2022/05/27,5.398645,9.0325,49.02314,7.91381,-19.453085,3.326565,107761
2022/05/28,3.805953,10.187905,76.20225,6.116129,-15.519486,-0.7547771,67610
2022/05/29,9.949342,10.687908,98.16899,4.04281,-17.009113,-2.3023458,58961
2022/05/30,-0.7437656,3.2632332,91.91363,-6.391742,-66.77569,13.85607,65540
2022/05/31,5.476744,10.0,51.954464,0.12474849,-17.520735,3.1411312,201975
2022/06/01,8.112754,11.6015835,49.34331,1.7990099,-16.72868,2.928923,137542
2022/06/02,6.3327413,8.762812,54.15734,2.4634147,-17.225306,3.1715388,109574
2022/06/03,4.545608,7.875699,58.796978,4.3927875,-17.353373,2.5783541,114974
2022/06/04,3.6426117,7.7487545,86.060165,8.170996,-8.580855,-1.1836247,67758
2022/06/05,7.26767,8.01045,77.458336,10.410774,-11.238697,-0.8106457,66260
2022/06/06,4.4856787,7.690586,49.90087,1.918429,-17.60596,3.5061316,112963
2022/06/07,4.9682927,7.9572086,54.119133,-0.031062124,-17.75343,3.6824958,103431
2022/06/08,5.3428574,7.709486,53.689236,1.3009901,-18.078085,3.6389654,96787
2022/06/09,6.542062,8.620735,59.751812,3.3697147,-18.528479,3.2484848,89572
2022/06/10,2.614182,5.5381727,62.49662,4.704239,-19.49232,3.5073695,88416
2022/06/11,2.8852084,6.868195,82.63871,9.024838,-9.378816,-0.9076433,61899
2022/06/12,6.6174936,6.742486,64.18442,11.460407,-11.405155,-0.4216973,66705
2022/06/13,3.7571428,7.2394457,48.596912,2.6367307,-18.673336,3.9443517,105894
2022/06/14,5.299145,7.5311885,55.96161,0.7315369,-19.029549,3.8172758,94970
2022/06/15,7.152625,9.527778,58.97158,3.006924,-19.322071,3.5217152,97810
2022/06/16,6.905973,9.386588,56.484684,4.39233,-19.724585,3.5445983,88502
2022/06/17,3.6120157,8.078947,64.19024,6.444336,-21.584581,3.748018,86751
2022/06/18,5.275487,12.409222,87.021416,10.870652,-10.634642,-1.4377478,63158
2022/06/19,10.548026,12.680488,82.427864,11.460227,-13.2629795,-2.0026064,60574
2022/06/20,5.3929014,7.234519,65.27289,4.3842263,-26.462482,5.4153585,115210
2022/06/21,4.9554877,7.8500986,63.148895,1.5341365,-19.280619,3.9435527,107168
2022/06/22,5.694988,8.188617,56.568592,2.6395233,-19.469572,3.913139,104702
2022/06/23,6.457346,8.999339,62.323742,5.42266,-19.88373,3.6388736,104010
2022/06/24,2.3301728,5.8910456,71.83477,6.454369,-20.95393,3.8487253,97330
2022/06/25,1.7435898,6.721983,88.62006,11.427795,-8.885436,-0.8188348,74504
2022/06/26,6.1415524,6.825666,79.46634,14.697833,-10.564202,-0.6354895,69717
2022/06/27,4.6048536,7.1905074,52.036587,3.889001,-19.66606,4.1790295,138111
2022/06/28,6.0360637,8.020435,65.61878,2.4708836,-20.023039,3.9314916,127014
2022/06/29,7.3549175,9.139442,64.391624,4.29249,-19.539293,3.6582417,112089
2022/06/30,10.028571,13.234983,65.98548,8.530815,-20.560518,3.3383167,108171
2022/07/01,9.966439,17.88889,65.40855,13.332673,-24.199343,3.8946772,102676
2022/07/02,4.4562716,16.192728,78.71545,12.728166,-15.079687,-0.41340783,79779
2022/07/03,10.329156,16.683348,102.587524,3.817478,-16.189125,-2.2655709,68811
2022/07/04,-7.191067,3.8366761,135.09494,-13.868317,-69.740486,13.482938,64271
2022/07/05,6.151961,10.876974,44.455517,2.4889114,-27.670242,5.868597,143899
2022/07/06,6.4279585,9.694149,55.282917,2.5512822,-23.093391,4.9050775,144496
2022/07/07,6.8185053,9.848126,58.342197,2.884653,-22.946024,4.335742,123598
2022/07/08,1.0884316,4.9140186,57.404606,3.4902914,-22.345016,4.9846153,121346
2022/07/09,0.913242,5.8537803,73.26868,10.053435,-9.106117,-0.015248796,86398
2022/07/10,5.936684,6.6203556,72.91879,12.754247,-10.904669,-0.16126205,79377
2022/07/11,4.577833,8.352437,54.38899,2.2155085,-20.526335,4.1460423,140540
2022/07/12,4.869963,7.342538,56.563072,-0.029029028,-20.302954,4.27081,128366
2022/07/13,5.899878,8.609708,60.50452,2.1104536,-20.306585,3.8756876,124343
2022/07/14,5.8987565,8.753461,63.57734,4.3586206,-20.598343,4.3331485,122235
2022/07/15,-0.056204785,3.0652857,65.29027,3.627299,-21.346983,5.457404,119022
2022/07/16,1.2104963,6.353362,79.5634,10.410675,-8.918906,-0.039325844,84625
2022/07/17,5.161144,6.591129,68.2063,13.294118,-11.102576,0.31448764,82380
2022/07/18,2.7736318,6.7247524,45.488773,2.4468937,-20.52291,9.137912,137233
2022/07/19,3.800245,7.6756577,55.51537,0.38522953,-20.604242,9.053431,130614
2022/07/20,5.5661764,8.568302,57.073475,2.7107842,-20.264748,4.319934,129258
2022/07/21,5.665086,8.6013155,56.93662,4.1010795,-20.485044,4.392778,118985
2022/07/22,1.8846154,6.6366477,61.509212,5.4961243,-21.142595,4.764505,115691
2022/07/23,0.6776578,6.0351005,74.780754,10.562432,-8.79536,0.5201613,90139
2022/07/24,4.4115734,5.395984,63.083466,13.147559,-11.2249155,1.1810116,73845
2022/07/25,3.3796759,6.8884487,43.537132,3.2727273,-20.360363,5.611236,142792
2022/07/26,4.914634,9.041695,54.77437,1.3476095,-19.798267,4.9082823,128539
2022/07/27,7.5739717,9.144371,56.12143,2.6119843,-19.825478,4.4039736,121387
2022/07/28,8.092636,10.104951,57.045856,4.671554,-20.096542,4.3170733,114625
2022/07/29,5.1649833,11.112994,61.05546,6.4031157,-20.778917,4.6685615,100414
2022/07/30,3.8570611,7.491065,81.08917,11.28587,-8.075314,-0.217496,74348
2022/07/31,8.333551,8.069355,70.0375,15.035148,-9.352739,-0.09833187,68517
2022/08/01,9.186355,11.583114,44.97931,4.4874372,-19.278969,4.451649,126374
2022/08/02,8.667692,10.193399,56.067394,0.9031936,-19.039597,4.6103106,115272
2022/08/03,11.192593,12.685677,53.781303,2.556428,-19.084623,3.949395,112091
2022/08/04,9.3109,10.928053,53.580246,3.251714,-19.521425,4.034273,107752
2022/08/05,4.717733,7.18426,54.506668,4.0840664,-20.321991,4.2957506,105988
2022/08/06,4.0814686,7.778812,72.28549,9.421791,-8.997676,0.08776168,71804
2022/08/07,8.507217,8.801613,61.322582,12.689189,-9.770356,-0.15485564,73419
2022/08/08,6.321049,8.886693,43.131176,2.5988023,-19.420153,4.4941506,108981
2022/08/09,6.683017,8.766182,47.833332,-0.5074627,-18.631086,4.237832,107199
2022/08/10,7.4767156,8.924403,51.865963,1.1790607,-18.361603,3.752883,123491
2022/08/11,7.4949493,9.248026,55.19298,2.7910593,-18.411829,3.6565266,112244
2022/08/12,3.9371493,6.2361026,61.56882,3.6471734,-18.60954,3.6336353,82184
2022/08/13,4.371707,7.8043013,81.72436,8.834415,-7.393389,-0.38467678,58656
2022/08/14,8.2239685,8.399839,70.00637,12.371882,-8.592556,1.1234568,56747
2022/08/15,6.3256106,8.794991,45.52513,2.482587,-17.6086,6.403262,102189
2022/08/16,7.147077,9.246873,52.273056,-0.3776016,-17.535624,6.253059,94199
2022/08/17,8.271666,9.74537,52.48663,1.407262,-17.015179,5.9972315,88210
2022/08/18,8.464923,9.242564,57.037434,3.438716,-17.004704,6.09922,84088
2022/08/19,4.265432,6.3171945,56.426445,3.5629845,-17.06875,6.077055,81831
2022/08/20,4.191185,7.0873923,75.39685,6.8345947,-6.9893074,1.7964314,63509
2022/08/21,6.9140625,7.3703704,57.754223,8.879157,-8.649166,1.8573976,53802
2022/08/22,3.9216905,7.015102,37.543293,0.09495549,-16.477406,6.61036,100067
2022/08/23,4.761614,7.8405514,49.960785,-0.8984064,-16.108177,6.4037924,91789
2022/08/24,5.746944,8.035667,52.705673,-0.503428,-15.780752,5.754153,87837
2022/08/25,5.7547283,7.618672,51.681183,0.9824047,-15.724701,5.686351,79338
2022/08/26,2.7376683,4.8504033,51.01473,0.9786408,-14.905535,5.690341,73986
2022/08/27,3.4398625,6.69379,78.41815,4.192888,-6.2686567,1.584078,56454
2022/08/28,6.0091147,7.391653,63.213394,6.118757,-8.120825,1.2497785,45848
2022/08/29,1.4671624,5.7994742,37.37186,-1.3359684,-14.640923,4.864094,92604
2022/08/30,3.3040292,6.9836173,42.255653,-2.287834,-14.268452,4.329086,89373
2022/08/31,6.4737163,9.190789,46.456448,0.20430107,-14.4249,3.0273373,91199
2022/09/01,10.641532,14.080814,51.67073,4.906954,-14.859471,1.7252326,89943
2022/09/02,9.136209,13.151155,55.816994,9.024534,-17.268454,2.0957208,64689
2022/09/03,6.2654,11.101731,74.15981,5.5263724,-13.770221,-0.1900161,42459
2022/09/04,10.543364,9.68599,76.97258,-1.0087816,-14.950266,-1.0472028,42133
2022/09/05,0.30798241,3.2309859,55.372616,-6.816987,-66.42744,15.793504,39180
2022/09/06,3.3107033,10.508541,31.643951,-2.9641435,-14.144256,3.1130626,78146
2022/09/07,3.7422304,9.2730875,40.823025,-1.3928225,-12.513053,2.628072,70622
2022/09/08,4.057295,8.348226,49.834206,0.4772066,-12.212573,2.3163378,62047
2022/09/09,1.3260504,4.5766835,46.95786,0.9150579,-10.985168,2.079392,55391
2022/09/10,2.0028572,5.208511,69.89236,3.6176155,-6.0718284,0.111826226,37488
2022/09/11,1.0788623,4.4868317,34.24602,3.2466815,-7.943461,1.1738746,34485
2022/09/12,1.457249,6.358317,33.55224,-0.3313433,-10.449595,2.9202216,67056
2022/09/13,3.0018249,7.143795,44.714035,-1.8780972,-11.434909,2.388068,60904
2022/09/14,4.785104,8.074391,48.613518,-0.20955166,-11.342287,1.91939,54688
2022/09/15,5.7154713,8.429227,52.45486,1.9085603,-11.930884,1.4609503,51122
2022/09/16,3.088976,5.011816,51.01447,2.0553937,-11.9649315,1.7972972,62953
2022/09/17,4.537048,6.4625897,83.75,4.9603853,-7.5575137,-0.99760383,33445
2022/09/18,4.931685,6.640675,58.70533,7.0741973,-9.736586,-0.0904302,31766
2022/09/19,0.6222084,5.7128778,34.10101,-0.15353937,-12.073993,3.0927262,65417
2022/09/20,2.0608273,6.7718034,42.189472,-1.280597,-11.918271,2.611965,55189
2022/09/21,3.5719512,7.744583,42.589745,-0.39376217,-12.084936,2.3291552,49732
2022/09/22,3.8959196,7.2552495,38.778343,1.1843902,-12.386265,2.5877192,44786
2022/09/23,2.7520986,5.2712073,44.094097,2.3317168,-12.299,2.2760563,45188
2022/09/24,3.9643269,6.254986,80.07903,4.647374,-7.9534235,-0.7878303,27650
2022/09/25,3.2777417,5.9944177,48.136024,6.157016,-10.370731,0.34885764,29269
2022/09/26,1.8835913,7.585686,36.929882,0.999004,-11.517785,3.1564927,57866
2022/09/27,2.7292047,7.7418084,41.071552,-0.7085828,-11.401017,2.7298188,48032
2022/09/28,3.0549116,7.37788,36.074074,-1.576998,-12.144569,2.6844687,47671
2022/09/29,4.6427727,8.353907,41.14721,-1.0843841,-12.7,2.6505759,41383
2022/09/30,1.9584036,5.778123,35.315624,-0.8939248,-13.702292,3.2353272,43684
2022/10/01,4.434558,6.6716523,53.52187,1.5438226,-8.491857,0.056044836,26729
2022/10/02,3.9830065,5.7939053,36.538807,3.8824835,-10.155164,0.75396824,29376
2022/10/03,5.7617555,10.164914,29.915703,0.07114624,-11.08964,2.7770383,48014
2022/10/04,4.836897,8.691148,34.65292,-1.9554014,-10.930909,2.8048246,43304
2022/10/05,5.4542127,9.079051,36.61102,-0.6106796,-11.29209,2.6037118,70686
2022/10/06,5.55858,8.684211,48.02916,1.9951267,-10.516903,1.8907194,40350
2022/10/07,2.6303983,5.3439054,44.22082,3.419669,-12.581671,2.2780597,38196
2022/10/08,4.3026996,6.4414287,73.2733,6.0245466,-8.423256,-0.8076616,24398
2022/10/09,4.5882735,5.18277,57.7898,6.6991153,-10.730562,-0.21315789,28994
2022/10/10,2.3601484,5.8559265,41.726967,0.597,-19.667513,4.7146845,38984
2022/10/11,1.3630844,6.0131493,41.48616,-1.2725471,-11.845065,3.0248482,41709
2022/10/12,1.7962288,5.557452,34.53808,-0.76125246,-11.578737,2.9961622,48169
2022/10/13,3.4698224,6.866359,30.029127,0.2625969,-11.912823,2.7879121,39137
2022/10/14,2.694289,5.062694,40.03125,2.353398,-12.704319,2.8096044,40924
2022/10/15,3.919244,6.442939,73.24686,5.6755605,-8.39684,-0.8376,25366
